customer_id,day,balance
CUST-0001,1,1818.2
CUST-0001,2,1308.48
CUST-0001,3,860.23
CUST-0001,4,389.67
CUST-0001,5,21841.4
CUST-0001,6,21372.15
CUST-0001,7,20552.45
CUST-0001,8,19674.38
CUST-0001,9,18983.39
CUST-0001,10,18341.7
CUST-0001,11,17578.44
CUST-0001,12,16573.75
CUST-0001,13,15584.62
CUST-0001,14,15121.83
CUST-0001,15,14569.09
CUST-0001,16,13980.34
CUST-0001,17,13383.36
CUST-0001,18,12576.63
CUST-0001,19,11870.9
CUST-0001,20,11404.34
CUST-0001,21,10726.4
CUST-0001,22,9950.61
CUST-0001,23,9449.9
CUST-0001,24,8472.28
CUST-0001,25,8003.96
CUST-0001,26,6966.79
CUST-0001,27,6467.73
CUST-0001,28,5483.52
CUST-0001,29,4460.81
CUST-0001,30,3387.98
CUST-0002,1,52127.56
CUST-0002,2,50008.62
CUST-0002,3,47668.73
CUST-0002,4,46371.91
CUST-0002,5,44425.21
CUST-0002,6,42513.87
CUST-0002,7,40046.8
CUST-0002,8,38218.69
CUST-0002,9,36516.36
CUST-0002,10,34402.15
CUST-0002,11,32891.82
CUST-0002,12,31586.56
CUST-0002,13,29734.05
CUST-0002,14,27980.25
CUST-0002,15,26524.78
CUST-0002,16,24850.9
CUST-0002,17,23178.83
CUST-0002,18,21569.72
CUST-0002,19,19876.49
CUST-0002,20,17687.54
CUST-0002,21,16127.98
CUST-0002,22,13513.16
CUST-0002,23,10950.96
CUST-0002,24,9093.53
CUST-0002,25,7483.02
CUST-0002,26,5537.35
CUST-0002,27,3084.86
CUST-0002,28,949.57
CUST-0002,29,0.0
CUST-0002,30,0.0
CUST-0003,1,6727.8
CUST-0003,2,4939.26
CUST-0003,3,3830.23
CUST-0003,4,2092.85
CUST-0003,5,143.73
CUST-0003,6,0.0
CUST-0003,7,0.0
CUST-0003,8,0.0
CUST-0003,9,0.0
CUST-0003,10,0.0
CUST-0003,11,0.0
CUST-0003,12,0.0
CUST-0003,13,0.0
CUST-0003,14,0.0
CUST-0003,15,0.0
CUST-0003,16,0.0
CUST-0003,17,0.0
CUST-0003,18,0.0
CUST-0003,19,0.0
CUST-0003,20,0.0
CUST-0003,21,0.0
CUST-0003,22,0.0
CUST-0003,23,0.0
CUST-0003,24,0.0
CUST-0003,25,0.0
CUST-0003,26,0.0
CUST-0003,27,0.0
CUST-0003,28,0.0
CUST-0003,29,0.0
CUST-0003,30,43521.22
CUST-0004,1,4220.84
CUST-0004,2,3371.25
CUST-0004,3,2524.49
CUST-0004,4,1709.5
CUST-0004,5,278.53
CUST-0004,6,0.0
CUST-0004,7,0.0
CUST-0004,8,0.0
CUST-0004,9,0.0
CUST-0004,10,0.0
CUST-0004,11,0.0
CUST-0004,12,0.0
CUST-0004,13,0.0
CUST-0004,14,0.0
CUST-0004,15,0.0
CUST-0004,16,0.0
CUST-0004,17,0.0
CUST-0004,18,0.0
CUST-0004,19,0.0
CUST-0004,20,0.0
CUST-0004,21,0.0
CUST-0004,22,0.0
CUST-0004,23,0.0
CUST-0004,24,0.0
CUST-0004,25,0.0
CUST-0004,26,0.0
CUST-0004,27,0.0
CUST-0004,28,0.0
CUST-0004,29,0.0
CUST-0004,30,33360.88
CUST-0005,1,102692.78
CUST-0005,2,97481.81
CUST-0005,3,91864.57
CUST-0005,4,89045.2
CUST-0005,5,84390.4
CUST-0005,6,78194.71
CUST-0005,7,74199.98
CUST-0005,8,69527.62
CUST-0005,9,64922.66
CUST-0005,10,60900.65
CUST-0005,11,54318.62
CUST-0005,12,48306.08
CUST-0005,13,45078.59
CUST-0005,14,38170.2
CUST-0005,15,31751.11
CUST-0005,16,27803.92
CUST-0005,17,21560.5
CUST-0005,18,18350.32
CUST-0005,19,11433.34
CUST-0005,20,5900.85
CUST-0005,21,432.98
CUST-0005,22,0.0
CUST-0005,23,0.0
CUST-0005,24,0.0
CUST-0005,25,0.0
CUST-0005,26,0.0
CUST-0005,27,0.0
CUST-0005,28,0.0
CUST-0005,29,0.0
CUST-0005,30,0.0
CUST-0006,1,22863.16
CUST-0006,2,22439.96
CUST-0006,3,21690.23
CUST-0006,4,20825.28
CUST-0006,5,20291.98
CUST-0006,6,19398.8
CUST-0006,7,18972.32
CUST-0006,8,18107.68
CUST-0006,9,17168.32
CUST-0006,10,16320.68
CUST-0006,11,15516.63
CUST-0006,12,14630.18
CUST-0006,13,14213.77
CUST-0006,14,13702.13
CUST-0006,15,13235.77
CUST-0006,16,12545.77
CUST-0006,17,11713.99
CUST-0006,18,10950.07
CUST-0006,19,10055.87
CUST-0006,20,9571.67
CUST-0006,21,8746.12
CUST-0006,22,8239.63
CUST-0006,23,7687.35
CUST-0006,24,6876.36
CUST-0006,25,5906.12
CUST-0006,26,5153.08
CUST-0006,27,4728.21
CUST-0006,28,3972.36
CUST-0006,29,3554.65
CUST-0006,30,2641.0
CUST-0007,1,15018.34
CUST-0007,2,12982.78
CUST-0007,3,10700.78
CUST-0007,4,6280.94
CUST-0007,5,3260.75
CUST-0007,6,0.0
CUST-0007,7,0.0
CUST-0007,8,0.0
CUST-0007,9,0.0
CUST-0007,10,0.0
CUST-0007,11,0.0
CUST-0007,12,0.0
CUST-0007,13,0.0
CUST-0007,14,0.0
CUST-0007,15,0.0
CUST-0007,16,0.0
CUST-0007,17,0.0
CUST-0007,18,0.0
CUST-0007,19,0.0
CUST-0007,20,0.0
CUST-0007,21,0.0
CUST-0007,22,0.0
CUST-0007,23,0.0
CUST-0007,24,0.0
CUST-0007,25,0.0
CUST-0007,26,0.0
CUST-0007,27,0.0
CUST-0007,28,87113.42
CUST-0007,29,84739.91
CUST-0007,30,81371.47
CUST-0008,1,1390.84
CUST-0008,2,911.74
CUST-0008,3,408.03
CUST-0008,4,14.06
CUST-0008,5,0.0
CUST-0008,6,0.0
CUST-0008,7,0.0
CUST-0008,8,0.0
CUST-0008,9,0.0
CUST-0008,10,0.0
CUST-0008,11,0.0
CUST-0008,12,0.0
CUST-0008,13,0.0
CUST-0008,14,0.0
CUST-0008,15,0.0
CUST-0008,16,0.0
CUST-0008,17,0.0
CUST-0008,18,0.0
CUST-0008,19,0.0
CUST-0008,20,0.0
CUST-0008,21,0.0
CUST-0008,22,0.0
CUST-0008,23,0.0
CUST-0008,24,0.0
CUST-0008,25,0.0
CUST-0008,26,0.0
CUST-0008,27,0.0
CUST-0008,28,0.0
CUST-0008,29,0.0
CUST-0008,30,14581.74
CUST-0009,1,3561.09
CUST-0009,2,1580.4
CUST-0009,3,0.0
CUST-0009,4,0.0
CUST-0009,5,0.0
CUST-0009,6,0.0
CUST-0009,7,0.0
CUST-0009,8,0.0
CUST-0009,9,0.0
CUST-0009,10,0.0
CUST-0009,11,0.0
CUST-0009,12,0.0
CUST-0009,13,0.0
CUST-0009,14,0.0
CUST-0009,15,0.0
CUST-0009,16,0.0
CUST-0009,17,0.0
CUST-0009,18,0.0
CUST-0009,19,0.0
CUST-0009,20,0.0
CUST-0009,21,0.0
CUST-0009,22,0.0
CUST-0009,23,0.0
CUST-0009,24,0.0
CUST-0009,25,0.0
CUST-0009,26,0.0
CUST-0009,27,0.0
CUST-0009,28,41958.47
CUST-0009,29,38611.42
CUST-0009,30,36978.76
CUST-0010,1,1527.42
CUST-0010,2,1127.49
CUST-0010,3,365.88
CUST-0010,4,0.0
CUST-0010,5,0.0
CUST-0010,6,0.0
CUST-0010,7,14546.04
CUST-0010,8,13703.14
CUST-0010,9,13322.17
CUST-0010,10,12840.39
CUST-0010,11,12326.91
CUST-0010,12,11707.31
CUST-0010,13,11036.15
CUST-0010,14,10414.89
CUST-0010,15,10012.78
CUST-0010,16,9525.21
CUST-0010,17,8716.34
CUST-0010,18,8017.79
CUST-0010,19,7313.05
CUST-0010,20,6597.04
CUST-0010,21,5831.37
CUST-0010,22,5443.19
CUST-0010,23,4889.78
CUST-0010,24,4243.76
CUST-0010,25,3705.42
CUST-0010,26,2896.07
CUST-0010,27,2280.55
CUST-0010,28,1511.82
CUST-0010,29,698.43
CUST-0010,30,71.0
CUST-0011,1,11085.7
CUST-0011,2,7663.03
CUST-0011,3,5390.35
CUST-0011,4,2760.67
CUST-0011,5,57.45
CUST-0011,6,0.0
CUST-0011,7,0.0
CUST-0011,8,0.0
CUST-0011,9,0.0
CUST-0011,10,0.0
CUST-0011,11,0.0
CUST-0011,12,0.0
CUST-0011,13,0.0
CUST-0011,14,0.0
CUST-0011,15,0.0
CUST-0011,16,0.0
CUST-0011,17,0.0
CUST-0011,18,0.0
CUST-0011,19,0.0
CUST-0011,20,0.0
CUST-0011,21,0.0
CUST-0011,22,0.0
CUST-0011,23,0.0
CUST-0011,24,0.0
CUST-0011,25,0.0
CUST-0011,26,0.0
CUST-0011,27,0.0
CUST-0011,28,0.0
CUST-0011,29,0.0
CUST-0011,30,56540.04
CUST-0012,1,2067.86
CUST-0012,2,247.32
CUST-0012,3,0.0
CUST-0012,4,0.0
CUST-0012,5,0.0
CUST-0012,6,0.0
CUST-0012,7,58429.26
CUST-0012,8,56125.67
CUST-0012,9,53795.38
CUST-0012,10,52128.8
CUST-0012,11,50828.43
CUST-0012,12,49664.45
CUST-0012,13,47289.16
CUST-0012,14,45387.02
CUST-0012,15,42669.25
CUST-0012,16,40807.78
CUST-0012,17,38102.56
CUST-0012,18,36328.92
CUST-0012,19,33926.75
CUST-0012,20,32690.61
CUST-0012,21,30680.29
CUST-0012,22,28264.34
CUST-0012,23,25646.65
CUST-0012,24,23196.94
CUST-0012,25,22039.51
CUST-0012,26,20329.82
CUST-0012,27,19153.09
CUST-0012,28,17876.71
CUST-0012,29,15669.26
CUST-0012,30,13399.38
CUST-0013,1,3432.54
CUST-0013,2,2448.88
CUST-0013,3,1422.23
CUST-0013,4,921.6
CUST-0013,5,22291.15
CUST-0013,6,21389.71
CUST-0013,7,20323.01
CUST-0013,8,19853.48
CUST-0013,9,19027.08
CUST-0013,10,18086.89
CUST-0013,11,17599.8
CUST-0013,12,16852.64
CUST-0013,13,15759.7
CUST-0013,14,14823.48
CUST-0013,15,14190.84
CUST-0013,16,13127.88
CUST-0013,17,12418.03
CUST-0013,18,11354.68
CUST-0013,19,10679.16
CUST-0013,20,9799.81
CUST-0013,21,9055.75
CUST-0013,22,8397.11
CUST-0013,23,7310.52
CUST-0013,24,6712.9
CUST-0013,25,6187.19
CUST-0013,26,5481.61
CUST-0013,27,4513.19
CUST-0013,28,3481.96
CUST-0013,29,2316.88
CUST-0013,30,1643.18
CUST-0014,1,6503.04
CUST-0014,2,4351.74
CUST-0014,3,1467.99
CUST-0014,4,0.0
CUST-0014,5,57813.45
CUST-0014,6,55978.39
CUST-0014,7,53237.21
CUST-0014,8,51220.98
CUST-0014,9,49832.98
CUST-0014,10,48044.68
CUST-0014,11,46773.12
CUST-0014,12,45267.95
CUST-0014,13,44082.16
CUST-0014,14,42141.55
CUST-0014,15,39886.85
CUST-0014,16,38136.83
CUST-0014,17,36253.22
CUST-0014,18,33435.95
CUST-0014,19,30977.79
CUST-0014,20,28885.43
CUST-0014,21,27237.21
CUST-0014,22,24527.74
CUST-0014,23,22965.19
CUST-0014,24,21246.27
CUST-0014,25,18515.89
CUST-0014,26,16443.13
CUST-0014,27,14001.69
CUST-0014,28,11822.88
CUST-0014,29,9535.44
CUST-0014,30,7861.5
CUST-0015,1,1758.35
CUST-0015,2,932.77
CUST-0015,3,0.0
CUST-0015,4,0.0
CUST-0015,5,0.0
CUST-0015,6,0.0
CUST-0015,7,0.0
CUST-0015,8,0.0
CUST-0015,9,0.0
CUST-0015,10,0.0
CUST-0015,11,0.0
CUST-0015,12,0.0
CUST-0015,13,0.0
CUST-0015,14,0.0
CUST-0015,15,0.0
CUST-0015,16,0.0
CUST-0015,17,0.0
CUST-0015,18,0.0
CUST-0015,19,0.0
CUST-0015,20,0.0
CUST-0015,21,0.0
CUST-0015,22,0.0
CUST-0015,23,0.0
CUST-0015,24,0.0
CUST-0015,25,0.0
CUST-0015,26,-800.0
CUST-0015,27,0.0
CUST-0015,28,0.0
CUST-0015,29,0.0
CUST-0015,30,27016.63
CUST-0016,1,612.02
CUST-0016,2,0.0
CUST-0016,3,0.0
CUST-0016,4,0.0
CUST-0016,5,0.0
CUST-0016,6,0.0
CUST-0016,7,0.0
CUST-0016,8,0.0
CUST-0016,9,0.0
CUST-0016,10,0.0
CUST-0016,11,0.0
CUST-0016,12,0.0
CUST-0016,13,0.0
CUST-0016,14,0.0
CUST-0016,15,0.0
CUST-0016,16,-800.0
CUST-0016,17,0.0
CUST-0016,18,0.0
CUST-0016,19,0.0
CUST-0016,20,0.0
CUST-0016,21,0.0
CUST-0016,22,0.0
CUST-0016,23,0.0
CUST-0016,24,0.0
CUST-0016,25,0.0
CUST-0016,26,0.0
CUST-0016,27,-654.53
CUST-0016,28,20313.73
CUST-0016,29,19052.49
CUST-0016,30,18304.73
CUST-0017,1,715.39
CUST-0017,2,0.0
CUST-0017,3,0.0
CUST-0017,4,0.0
CUST-0017,5,0.0
CUST-0017,6,0.0
CUST-0017,7,21051.84
CUST-0017,8,20382.57
CUST-0017,9,19471.94
CUST-0017,10,18545.84
CUST-0017,11,17428.73
CUST-0017,12,16934.02
CUST-0017,13,15814.01
CUST-0017,14,14866.61
CUST-0017,15,14255.47
CUST-0017,16,13194.73
CUST-0017,17,12073.16
CUST-0017,18,11394.59
CUST-0017,19,10226.37
CUST-0017,20,9400.29
CUST-0017,21,8464.45
CUST-0017,22,7247.71
CUST-0017,23,6490.1
CUST-0017,24,5399.72
CUST-0017,25,4673.9
CUST-0017,26,3593.79
CUST-0017,27,2659.93
CUST-0017,28,2009.3
CUST-0017,29,1213.01
CUST-0017,30,487.75
CUST-0018,1,1469.97
CUST-0018,2,0.0
CUST-0018,3,0.0
CUST-0018,4,0.0
CUST-0018,5,0.0
CUST-0018,6,0.0
CUST-0018,7,0.0
CUST-0018,8,0.0
CUST-0018,9,0.0
CUST-0018,10,0.0
CUST-0018,11,0.0
CUST-0018,12,0.0
CUST-0018,13,0.0
CUST-0018,14,0.0
CUST-0018,15,0.0
CUST-0018,16,0.0
CUST-0018,17,0.0
CUST-0018,18,0.0
CUST-0018,19,0.0
CUST-0018,20,0.0
CUST-0018,21,0.0
CUST-0018,22,0.0
CUST-0018,23,0.0
CUST-0018,24,0.0
CUST-0018,25,0.0
CUST-0018,26,0.0
CUST-0018,27,0.0
CUST-0018,28,0.0
CUST-0018,29,0.0
CUST-0018,30,42167.52
CUST-0019,1,107776.91
CUST-0019,2,104504.02
CUST-0019,3,102175.98
CUST-0019,4,98181.89
CUST-0019,5,95795.81
CUST-0019,6,92483.89
CUST-0019,7,89320.34
CUST-0019,8,86564.81
CUST-0019,9,83079.57
CUST-0019,10,79469.5
CUST-0019,11,76271.22
CUST-0019,12,72576.49
CUST-0019,13,68298.43
CUST-0019,14,65483.0
CUST-0019,15,62420.45
CUST-0019,16,60659.7
CUST-0019,17,56867.48
CUST-0019,18,53790.29
CUST-0019,19,51004.18
CUST-0019,20,49031.86
CUST-0019,21,44996.89
CUST-0019,22,42244.37
CUST-0019,23,38746.27
CUST-0019,24,36630.57
CUST-0019,25,32409.21
CUST-0019,26,30218.16
CUST-0019,27,27972.4
CUST-0019,28,24016.95
CUST-0019,29,19922.54
CUST-0019,30,17644.1
CUST-0020,1,4460.72
CUST-0020,2,2234.48
CUST-0020,3,727.7
CUST-0020,4,-800.0
CUST-0020,5,0.0
CUST-0020,6,0.0
CUST-0020,7,0.0
CUST-0020,8,0.0
CUST-0020,9,0.0
CUST-0020,10,0.0
CUST-0020,11,0.0
CUST-0020,12,0.0
CUST-0020,13,0.0
CUST-0020,14,0.0
CUST-0020,15,0.0
CUST-0020,19,0.0
CUST-0020,20,0.0
CUST-0020,21,0.0
CUST-0020,22,0.0
CUST-0020,23,0.0
CUST-0020,24,0.0
CUST-0020,25,0.0
CUST-0020,26,0.0
CUST-0020,27,0.0
CUST-0020,28,0.0
CUST-0020,29,0.0
CUST-0020,30,43495.88
CUST-0021,1,2939.76
CUST-0021,2,2245.96
CUST-0021,3,1115.84
CUST-0021,4,274.33
CUST-0021,5,0.0
CUST-0021,6,0.0
CUST-0021,7,0.0
CUST-0021,8,0.0
CUST-0021,9,0.0
CUST-0021,10,0.0
CUST-0021,11,0.0
CUST-0021,12,0.0
CUST-0021,13,0.0
CUST-0021,14,0.0
CUST-0021,15,0.0
CUST-0021,16,0.0
CUST-0021,17,0.0
CUST-0021,18,0.0
CUST-0021,19,0.0
CUST-0021,20,0.0
CUST-0021,21,0.0
CUST-0021,22,0.0
CUST-0021,23,0.0
CUST-0021,24,0.0
CUST-0021,25,0.0
CUST-0021,26,0.0
CUST-0021,27,0.0
CUST-0021,28,0.0
CUST-0021,29,0.0
CUST-0021,30,27382.35
CUST-0022,1,2097.47
CUST-0022,2,0.0
CUST-0022,3,0.0
CUST-0022,4,0.0
CUST-0022,5,0.0
CUST-0022,6,0.0
CUST-0022,7,0.0
CUST-0022,8,0.0
CUST-0022,9,6955.46
CUST-0022,10,3201.03
CUST-0022,11,17708.44
CUST-0022,12,14242.78
CUST-0022,13,11862.7
CUST-0022,14,9296.65
CUST-0022,15,6647.53
CUST-0022,16,3120.34
CUST-0022,17,0.0
CUST-0022,18,0.0
CUST-0022,19,0.0
CUST-0022,20,0.0
CUST-0022,21,12636.32
CUST-0022,22,10739.91
CUST-0022,23,8437.69
CUST-0022,24,4696.74
CUST-0022,25,17504.78
CUST-0022,26,14834.12
CUST-0022,27,12073.73
CUST-0022,28,9819.18
CUST-0022,29,6415.04
CUST-0022,30,2662.08
CUST-0023,1,8521.35
CUST-0023,2,6616.94
CUST-0023,3,5161.7
CUST-0023,4,3712.2
CUST-0023,5,2395.56
CUST-0023,6,0.0
CUST-0023,7,42527.63
CUST-0023,8,40231.2
CUST-0023,9,38347.76
CUST-0023,10,36507.35
CUST-0023,11,34604.69
CUST-0023,12,32691.19
CUST-0023,13,30939.9
CUST-0023,14,29670.17
CUST-0023,15,28410.13
CUST-0023,16,25835.57
CUST-0023,17,24008.79
CUST-0023,18,21432.71
CUST-0023,19,20112.37
CUST-0023,20,18170.49
CUST-0023,21,16779.95
CUST-0023,22,15317.11
CUST-0023,23,14209.12
CUST-0023,24,12959.75
CUST-0023,25,10441.48
CUST-0023,26,8869.95
CUST-0023,27,6842.64
CUST-0023,28,5042.93
CUST-0023,29,3345.89
CUST-0023,30,1439.83
CUST-0024,1,700.76
CUST-0024,2,0.0
CUST-0024,3,0.0
CUST-0024,4,0.0
CUST-0024,5,0.0
CUST-0024,6,0.0
CUST-0024,7,85633.78
CUST-0024,8,82529.19
CUST-0024,9,78158.56
CUST-0024,10,71829.94
CUST-0024,11,66245.21
CUST-0024,12,60105.52
CUST-0024,13,53780.45
CUST-0024,14,49974.84
CUST-0024,15,43086.06
CUST-0024,16,38301.42
CUST-0024,17,32646.08
CUST-0024,18,29748.52
CUST-0024,19,22558.34
CUST-0024,20,18454.12
CUST-0024,21,15297.75
CUST-0024,22,10425.3
CUST-0024,23,6978.86
CUST-0024,24,3431.53
CUST-0024,25,0.0
CUST-0024,26,0.0
CUST-0024,27,0.0
CUST-0024,28,0.0
CUST-0024,29,0.0
CUST-0024,30,0.0
CUST-0025,1,50683.87
CUST-0025,2,48429.3
CUST-0025,3,45230.36
CUST-0025,4,43233.15
CUST-0025,5,41563.36
CUST-0025,6,38902.55
CUST-0025,7,35909.5
CUST-0025,8,34510.75
CUST-0025,9,32301.99
CUST-0025,10,29216.97
CUST-0025,11,26414.63
CUST-0025,12,23133.09
CUST-0025,13,20762.51
CUST-0025,14,18137.51
CUST-0025,15,16219.91
CUST-0025,16,13025.97
CUST-0025,17,10982.02
CUST-0025,18,8201.66
CUST-0025,19,6084.89
CUST-0025,20,3654.15
CUST-0025,21,910.85
CUST-0025,22,0.0
CUST-0025,23,0.0
CUST-0025,24,0.0
CUST-0025,25,0.0
CUST-0025,26,0.0
CUST-0025,27,0.0
CUST-0025,28,0.0
CUST-0025,29,0.0
CUST-0025,30,0.0
CUST-0026,1,2135.47
CUST-0026,2,1515.03
CUST-0026,3,1194.7
CUST-0026,4,731.22
CUST-0026,5,327.81
CUST-0026,6,0.0
CUST-0026,7,0.0
CUST-0026,8,0.0
CUST-0026,9,0.0
CUST-0026,10,0.0
CUST-0026,11,0.0
CUST-0026,12,0.0
CUST-0026,13,0.0
CUST-0026,14,0.0
CUST-0026,15,0.0
CUST-0026,16,-405.61
CUST-0026,17,0.0
CUST-0026,18,0.0
CUST-0026,19,0.0
CUST-0026,20,0.0
CUST-0026,21,0.0
CUST-0026,22,0.0
CUST-0026,23,0.0
CUST-0026,24,0.0
CUST-0026,25,0.0
CUST-0026,26,0.0
CUST-0026,27,0.0
CUST-0026,28,0.0
CUST-0026,29,0.0
CUST-0026,30,14404.14
CUST-0027,1,4075.91
CUST-0027,2,2017.29
CUST-0027,3,678.56
CUST-0027,4,0.0
CUST-0027,5,43434.37
CUST-0027,6,41675.98
CUST-0027,7,40321.15
CUST-0027,8,39088.03
CUST-0027,9,36949.95
CUST-0027,10,34796.71
CUST-0027,11,32752.52
CUST-0027,12,30525.72
CUST-0027,13,28614.65
CUST-0027,14,26676.94
CUST-0027,15,24742.04
CUST-0027,16,23188.88
CUST-0027,17,21668.42
CUST-0027,18,20440.69
CUST-0027,19,18665.23
CUST-0027,20,17371.03
CUST-0027,21,16119.5
CUST-0027,22,14423.71
CUST-0027,23,12966.17
CUST-0027,24,11767.36
CUST-0027,25,9760.08
CUST-0027,26,7692.54
CUST-0027,27,6562.99
CUST-0027,28,5650.31
CUST-0027,29,4292.74
CUST-0027,30,2310.57
CUST-0028,1,17657.54
CUST-0028,2,14171.21
CUST-0028,3,12278.35
CUST-0028,4,9721.72
CUST-0028,5,5692.79
CUST-0028,6,3613.92
CUST-0028,7,1628.5
CUST-0028,8,0.0
CUST-0028,9,0.0
CUST-0028,10,0.0
CUST-0028,11,0.0
CUST-0028,12,0.0
CUST-0028,13,0.0
CUST-0028,14,0.0
CUST-0028,15,0.0
CUST-0028,16,0.0
CUST-0028,17,0.0
CUST-0028,18,0.0
CUST-0028,19,0.0
CUST-0028,20,0.0
CUST-0028,21,0.0
CUST-0028,22,0.0
CUST-0028,23,0.0
CUST-0028,24,0.0
CUST-0028,25,0.0
CUST-0028,26,0.0
CUST-0028,27,0.0
CUST-0028,28,0.0
CUST-0028,29,0.0
CUST-0028,30,86626.15
CUST-0029,1,33800.03
CUST-0029,2,32575.63
CUST-0029,3,31390.78
CUST-0029,4,30611.24
CUST-0029,5,29157.73
CUST-0029,6,28050.43
CUST-0029,7,26471.85
CUST-0029,8,24844.8
CUST-0029,9,23229.57
CUST-0029,10,22053.52
CUST-0029,11,20980.74
CUST-0029,12,19444.12
CUST-0029,13,17850.42
CUST-0029,14,16593.4
CUST-0029,15,14900.23
CUST-0029,16,14020.28
CUST-0029,17,12342.26
CUST-0029,18,11514.23
CUST-0029,19,10623.84
CUST-0029,20,9320.6
CUST-0029,21,8523.58
CUST-0029,22,7742.53
CUST-0029,23,7018.25
CUST-0029,24,5820.87
CUST-0029,25,4256.24
CUST-0029,26,3494.7
CUST-0029,27,2062.9
CUST-0029,28,445.61
CUST-0029,29,0.0
CUST-0029,30,0.0
CUST-0030,1,9967.39
CUST-0030,2,7246.53
CUST-0030,3,3893.16
CUST-0030,4,2179.27
CUST-0030,5,59784.43
CUST-0030,6,56614.77
CUST-0030,11,42933.27
CUST-0030,12,40598.41
CUST-0030,13,38599.18
CUST-0030,14,36624.34
CUST-0030,15,33423.78
CUST-0030,16,31650.86
CUST-0030,17,29952.25
CUST-0030,18,28049.83
CUST-0030,19,26149.54
CUST-0030,20,22787.36
CUST-0030,21,20383.43
CUST-0030,22,16643.73
CUST-0030,23,14829.5
CUST-0030,24,11850.01
CUST-0030,25,9332.74
CUST-0030,26,6941.42
CUST-0030,27,3461.94
CUST-0030,28,0.0
CUST-0030,29,0.0
CUST-0030,30,0.0
CUST-0031,1,1662.38
CUST-0031,2,482.31
CUST-0031,3,0.0
CUST-0031,4,0.0
CUST-0031,5,0.0
CUST-0031,6,0.0
CUST-0031,7,0.0
CUST-0031,8,0.0
CUST-0031,9,0.0
CUST-0031,10,0.0
CUST-0031,11,0.0
CUST-0031,12,0.0
CUST-0031,13,0.0
CUST-0031,14,0.0
CUST-0031,15,0.0
CUST-0031,16,0.0
CUST-0031,17,0.0
CUST-0031,18,0.0
CUST-0031,19,0.0
CUST-0031,20,0.0
CUST-0031,21,0.0
CUST-0031,22,0.0
CUST-0031,23,0.0
CUST-0031,24,0.0
CUST-0031,25,-800.0
CUST-0031,26,0.0
CUST-0031,27,0.0
CUST-0031,28,0.0
CUST-0031,29,0.0
CUST-0031,30,33596.6
CUST-0032,1,1686.48
CUST-0032,2,1002.88
CUST-0032,3,172.71
CUST-0032,4,0.0
CUST-0032,5,0.0
CUST-0032,6,0.0
CUST-0032,7,0.0
CUST-0032,8,0.0
CUST-0032,9,0.0
CUST-0032,10,0.0
CUST-0032,11,0.0
CUST-0032,12,0.0
CUST-0032,13,0.0
CUST-0032,14,0.0
CUST-0032,15,0.0
CUST-0032,16,0.0
CUST-0032,17,0.0
CUST-0032,18,0.0
CUST-0032,19,0.0
CUST-0032,20,0.0
CUST-0032,21,0.0
CUST-0032,22,0.0
CUST-0032,23,0.0
CUST-0032,24,0.0
CUST-0032,25,0.0
CUST-0032,26,0.0
CUST-0032,27,0.0
CUST-0032,28,0.0
CUST-0032,29,0.0
CUST-0032,30,20600.63
CUST-0033,1,23774.39
CUST-0033,2,23073.41
CUST-0033,3,22020.29
CUST-0033,4,21043.43
CUST-0033,5,19450.52
CUST-0033,6,18224.24
CUST-0033,7,16771.81
CUST-0033,8,15946.41
CUST-0033,9,14323.93
CUST-0033,10,13174.79
CUST-0033,11,12030.54
CUST-0033,12,10415.7
CUST-0033,13,9382.83
CUST-0033,14,8333.4
CUST-0033,15,7099.34
CUST-0033,16,6315.64
CUST-0033,17,5341.59
CUST-0033,18,4493.64
CUST-0033,19,3734.37
CUST-0033,20,2222.82
CUST-0033,21,984.24
CUST-0033,22,0.0
CUST-0033,23,0.0
CUST-0033,24,0.0
CUST-0033,25,0.0
CUST-0033,26,0.0
CUST-0033,27,0.0
CUST-0033,28,0.0
CUST-0033,29,0.0
CUST-0033,30,0.0
CUST-0034,1,2295.16
CUST-0034,2,1551.64
CUST-0034,3,866.66
CUST-0034,4,312.76
CUST-0034,5,0.0
CUST-0034,6,0.0
CUST-0034,7,0.0
CUST-0034,8,0.0
CUST-0034,9,9920.37
CUST-0034,10,9328.12
CUST-0034,11,8833.79
CUST-0034,12,8144.17
CUST-0034,13,7346.36
CUST-0034,14,6827.97
CUST-0034,15,5990.19
CUST-0034,16,5095.9
CUST-0034,17,4386.8
CUST-0034,18,3637.56
CUST-0034,19,3234.09
CUST-0034,20,2329.7
CUST-0034,21,1735.55
CUST-0034,22,8043.29
CUST-0034,23,7344.52
CUST-0034,24,6967.95
CUST-0034,25,6572.35
CUST-0034,26,5816.67
CUST-0034,27,5127.05
CUST-0034,28,4738.19
CUST-0034,29,3947.15
CUST-0034,30,3095.14
CUST-0035,1,2387.15
CUST-0035,2,1854.7
CUST-0035,3,703.41
CUST-0035,4,0.0
CUST-0035,5,0.0
CUST-0035,6,0.0
CUST-0035,7,0.0
CUST-0035,8,0.0
CUST-0035,9,-655.33
CUST-0035,10,0.0
CUST-0035,11,0.0
CUST-0035,12,0.0
CUST-0035,13,0.0
CUST-0035,14,0.0
CUST-0035,15,0.0
CUST-0035,16,0.0
CUST-0035,17,0.0
CUST-0035,18,0.0
CUST-0035,19,0.0
CUST-0035,20,0.0
CUST-0035,21,0.0
CUST-0035,22,0.0
CUST-0035,23,0.0
CUST-0035,24,0.0
CUST-0035,25,0.0
CUST-0035,26,0.0
CUST-0035,27,0.0
CUST-0035,28,0.0
CUST-0035,29,0.0
CUST-0035,30,20842.29
CUST-0036,1,71413.02
CUST-0036,2,69739.99
CUST-0036,3,67083.38
CUST-0036,4,65892.75
CUST-0036,5,63846.21
CUST-0036,6,61897.56
CUST-0036,7,59558.51
CUST-0036,8,58127.53
CUST-0036,9,55826.07
CUST-0036,10,54027.29
CUST-0036,11,51811.36
CUST-0036,12,50592.94
CUST-0036,13,48647.64
CUST-0036,14,46598.01
CUST-0036,15,45079.22
CUST-0036,16,43689.22
CUST-0036,17,42215.0
CUST-0036,18,40472.42
CUST-0036,19,39156.22
CUST-0036,20,36373.79
CUST-0036,21,34526.3
CUST-0036,22,31982.38
CUST-0036,23,29153.23
CUST-0036,24,27864.75
CUST-0036,25,25592.0
CUST-0036,26,22940.43
CUST-0036,27,20697.75
CUST-0036,28,18808.83
CUST-0036,29,16916.37
CUST-0036,30,15705.18
CUST-0037,1,66345.4
CUST-0037,2,63340.0
CUST-0037,3,62032.6
CUST-0037,4,59494.85
CUST-0037,5,57704.17
CUST-0037,6,54801.8
CUST-0037,7,53485.68
CUST-0037,8,50522.5
CUST-0037,9,47741.26
CUST-0037,10,46291.29
CUST-0037,11,44947.97
CUST-0037,15,35503.44
CUST-0037,16,33221.5
CUST-0037,17,31254.3
CUST-0037,18,29198.74
CUST-0037,19,27849.33
CUST-0037,20,24825.36
CUST-0037,21,23018.25
CUST-0037,22,21435.41
CUST-0037,23,19673.79
CUST-0037,24,16657.92
CUST-0037,25,15250.88
CUST-0037,26,12414.49
CUST-0037,27,9872.95
CUST-0037,28,7105.5
CUST-0037,29,4068.32
CUST-0037,30,1278.43
CUST-0038,1,26567.64
CUST-0038,2,25308.55
CUST-0038,3,24264.8
CUST-0038,4,23222.92
CUST-0038,5,21875.04
CUST-0038,6,20464.42
CUST-0038,7,19283.64
CUST-0038,8,18293.89
CUST-0038,9,17327.0
CUST-0038,10,16420.42
CUST-0038,11,15535.15
CUST-0038,12,14624.12
CUST-0038,13,13972.89
CUST-0038,14,13332.26
CUST-0038,15,12086.88
CUST-0038,16,11128.88
CUST-0038,17,9753.66
CUST-0038,18,8652.61
CUST-0038,19,8048.37
CUST-0038,20,7338.79
CUST-0038,21,6587.63
CUST-0038,22,5173.62
CUST-0038,23,4411.37
CUST-0038,24,3393.37
CUST-0038,25,2013.42
CUST-0038,26,598.16
CUST-0038,27,0.0
CUST-0038,28,0.0
CUST-0038,29,0.0
CUST-0038,30,0.0
CUST-0039,1,1335.67
CUST-0039,2,0.0
CUST-0039,3,0.0
CUST-0039,4,0.0
CUST-0039,5,0.0
CUST-0039,6,0.0
CUST-0039,7,0.0
CUST-0039,8,0.0
CUST-0039,9,13837.48
CUST-0039,10,12667.78
CUST-0039,11,11794.76
CUST-0039,12,10765.68
CUST-0039,13,9492.29
CUST-0039,14,7633.4
CUST-0039,15,21728.65
CUST-0039,16,20071.43
CUST-0039,17,18679.71
CUST-0039,18,17700.35
CUST-0039,19,16561.98
CUST-0039,20,15040.31
CUST-0039,21,13495.98
CUST-0039,22,12226.14
CUST-0039,23,11193.94
CUST-0039,24,9593.05
CUST-0039,25,8629.76
CUST-0039,26,6781.27
CUST-0039,27,5796.04
CUST-0039,28,4903.72
CUST-0039,29,3561.38
CUST-0039,30,2193.79
CUST-0040,1,11330.96
CUST-0040,2,8491.77
CUST-0040,3,20121.58
CUST-0040,4,18165.63
CUST-0040,5,16305.68
CUST-0040,6,15052.27
CUST-0040,7,12899.78
CUST-0040,8,11371.01
CUST-0040,9,9142.22
CUST-0040,10,7916.14
CUST-0040,11,5099.89
CUST-0040,12,3159.22
CUST-0040,13,487.6
CUST-0040,14,0.0
CUST-0040,15,0.0
CUST-0040,16,0.0
CUST-0040,17,0.0
CUST-0040,18,3524.89
CUST-0040,19,1654.0
CUST-0040,20,0.0
CUST-0040,21,0.0
CUST-0040,22,0.0
CUST-0040,23,0.0
CUST-0040,24,0.0
CUST-0040,25,0.0
CUST-0040,26,0.0
CUST-0040,27,5026.95
CUST-0040,28,3161.34
CUST-0040,29,634.34
CUST-0040,30,0.0
CUST-0041,1,14775.8
CUST-0041,2,12439.93
CUST-0041,3,8701.45
CUST-0041,4,6588.91
CUST-0041,5,94297.82
CUST-0041,6,90872.79
CUST-0041,7,87128.85
CUST-0041,8,82994.55
CUST-0041,9,80507.51
CUST-0041,10,78449.07
CUST-0041,11,74152.3
CUST-0041,12,71978.14
CUST-0041,13,69689.48
CUST-0041,14,67152.82
CUST-0041,15,63985.79
CUST-0041,16,59882.9
CUST-0041,17,56103.8
CUST-0041,18,52463.42
CUST-0041,19,50234.3
CUST-0041,20,47521.93
CUST-0041,21,44489.91
CUST-0041,22,42334.28
CUST-0041,23,39845.01
CUST-0041,24,37263.32
CUST-0041,25,35161.04
CUST-0041,26,31938.81
CUST-0041,27,28306.71
CUST-0041,28,26356.28
CUST-0041,29,23317.06
CUST-0041,30,19480.59
CUST-0042,1,6187.76
CUST-0042,2,4520.88
CUST-0042,3,2297.36
CUST-0042,4,940.7
CUST-0042,5,0.0
CUST-0042,6,0.0
CUST-0042,7,0.0
CUST-0042,8,0.0
CUST-0042,9,11943.07
CUST-0042,10,9822.38
CUST-0042,11,8356.44
CUST-0042,12,6951.85
CUST-0042,13,5759.44
CUST-0042,14,4106.65
CUST-0042,15,16556.97
CUST-0042,16,15008.16
CUST-0042,17,13658.6
CUST-0042,18,11520.9
CUST-0042,19,9133.76
CUST-0042,20,7392.59
CUST-0042,21,5434.53
CUST-0042,22,3141.32
CUST-0042,23,651.27
CUST-0042,24,0.0
CUST-0042,25,0.0
CUST-0042,26,12544.84
CUST-0042,27,10364.83
CUST-0042,28,8678.99
CUST-0042,29,7560.93
CUST-0042,30,6540.58
CUST-0043,1,6413.04
CUST-0043,2,4272.93
CUST-0043,3,1812.4
CUST-0043,4,0.0
CUST-0043,5,0.0
CUST-0043,6,0.0
CUST-0043,7,0.0
CUST-0043,8,0.0
CUST-0043,9,-800.0
CUST-0043,10,0.0
CUST-0043,11,0.0
CUST-0043,12,0.0
CUST-0043,13,0.0
CUST-0043,16,0.0
CUST-0043,17,0.0
CUST-0043,18,-800.0
CUST-0043,19,0.0
CUST-0043,20,0.0
CUST-0043,21,0.0
CUST-0043,22,0.0
CUST-0043,23,0.0
CUST-0043,24,0.0
CUST-0043,25,0.0
CUST-0043,26,0.0
CUST-0043,27,0.0
CUST-0043,28,0.0
CUST-0043,29,0.0
CUST-0043,30,57053.63
CUST-0044,1,46470.4
CUST-0044,2,44855.88
CUST-0044,3,42165.34
CUST-0044,4,39201.09
CUST-0044,5,37396.05
CUST-0044,6,35509.05
CUST-0044,7,32244.51
CUST-0044,8,30380.74
CUST-0044,9,28186.03
CUST-0044,10,25986.21
CUST-0044,11,24145.58
CUST-0044,12,21258.75
CUST-0044,13,18379.8
CUST-0044,14,16288.44
CUST-0044,15,13282.86
CUST-0044,16,11522.21
CUST-0044,17,10179.37
CUST-0044,18,7702.05
CUST-0044,19,4378.36
CUST-0044,20,2966.8
CUST-0044,21,1216.3
CUST-0044,22,0.0
CUST-0044,23,0.0
CUST-0044,24,0.0
CUST-0044,25,0.0
CUST-0044,26,0.0
CUST-0044,27,0.0
CUST-0044,28,0.0
CUST-0044,29,0.0
CUST-0044,30,0.0
CUST-0045,1,48443.44
CUST-0045,2,45770.5
CUST-0045,3,42999.23
CUST-0045,4,39630.47
CUST-0045,5,37428.05
CUST-0045,6,35242.96
CUST-0045,7,31995.99
CUST-0045,8,30132.49
CUST-0045,9,27280.73
CUST-0045,10,24378.42
CUST-0045,11,22817.32
CUST-0045,12,20499.75
CUST-0045,13,18728.78
CUST-0045,14,16988.82
CUST-0045,15,14680.24
CUST-0045,16,12727.8
CUST-0045,17,9740.76
CUST-0045,18,6525.94
CUST-0045,19,3525.31
CUST-0045,20,1620.64
CUST-0045,21,0.0
CUST-0045,22,0.0
CUST-0045,23,0.0
CUST-0045,24,0.0
CUST-0045,25,0.0
CUST-0045,26,0.0
CUST-0045,27,0.0
CUST-0045,28,0.0
CUST-0045,29,0.0
CUST-0045,30,0.0
CUST-0046,1,1985.83
CUST-0046,2,1572.98
CUST-0046,3,827.79
CUST-0046,4,113.83
CUST-0046,5,0.0
CUST-0046,6,0.0
CUST-0046,7,0.0
CUST-0046,8,0.0
CUST-0046,9,0.0
CUST-0046,10,0.0
CUST-0046,11,0.0
CUST-0046,12,0.0
CUST-0046,13,0.0
CUST-0046,14,0.0
CUST-0046,15,0.0
CUST-0046,16,0.0
CUST-0046,17,0.0
CUST-0046,18,0.0
CUST-0046,19,0.0
CUST-0046,20,0.0
CUST-0046,21,0.0
CUST-0046,22,0.0
CUST-0046,23,0.0
CUST-0046,24,0.0
CUST-0046,25,0.0
CUST-0046,26,0.0
CUST-0046,27,0.0
CUST-0046,28,-499.49
CUST-0046,29,0.0
CUST-0046,30,14256.81
CUST-0047,1,2679.9
CUST-0047,2,963.99
CUST-0047,3,0.0
CUST-0047,4,9508.67
CUST-0047,5,7643.13
CUST-0047,6,5566.53
CUST-0047,7,3794.64
CUST-0047,8,1772.61
CUST-0047,9,0.0
CUST-0047,10,-800.0
CUST-0047,11,0.0
CUST-0047,12,0.0
CUST-0047,13,9790.21
CUST-0047,14,8819.76
CUST-0047,15,7442.79
CUST-0047,16,5474.76
CUST-0047,17,4261.54
CUST-0047,18,2405.49
CUST-0047,19,1066.28
CUST-0047,20,0.0
CUST-0047,21,0.0
CUST-0047,22,0.0
CUST-0047,23,0.0
CUST-0047,24,0.0
CUST-0047,25,0.0
CUST-0047,26,0.0
CUST-0047,27,0.0
CUST-0047,28,0.0
CUST-0047,29,0.0
CUST-0047,30,0.0
CUST-0048,1,39394.32
CUST-0048,2,38586.7
CUST-0048,3,37451.19
CUST-0048,4,35737.46
CUST-0048,5,34957.04
CUST-0048,6,33767.65
CUST-0048,7,31964.37
CUST-0048,8,31161.58
CUST-0048,9,29576.96
CUST-0048,10,28542.89
CUST-0048,11,26827.47
CUST-0048,12,25246.92
CUST-0048,13,23510.14
CUST-0048,14,22522.71
CUST-0048,15,21182.44
CUST-0048,16,19564.74
CUST-0048,17,18544.0
CUST-0048,18,17539.98
CUST-0048,19,16763.71
CUST-0048,20,14945.47
CUST-0048,21,13405.25
CUST-0048,22,11948.33
CUST-0048,23,10370.1
CUST-0048,24,9029.48
CUST-0048,25,7750.92
CUST-0048,26,6502.13
CUST-0048,27,5039.75
CUST-0048,28,4068.42
CUST-0048,29,2329.01
CUST-0048,30,674.97
CUST-0049,1,1720.07
CUST-0049,2,1124.65
CUST-0049,3,0.0
CUST-0049,4,0.0
CUST-0049,5,0.0
CUST-0049,6,0.0
CUST-0049,7,21383.86
CUST-0049,8,20736.28
CUST-0049,9,20178.47
CUST-0049,10,19598.47
CUST-0049,11,19054.44
CUST-0049,12,17833.29
CUST-0049,13,17287.24
CUST-0049,14,16698.07
CUST-0049,15,15596.77
CUST-0049,16,14677.56
CUST-0049,17,13615.21
CUST-0049,18,12658.65
CUST-0049,19,11516.85
CUST-0049,20,10554.72
CUST-0049,21,9678.36
CUST-0049,22,8661.47
CUST-0049,23,7840.19
CUST-0049,24,7093.62
CUST-0049,25,6257.41
CUST-0049,26,5640.84
CUST-0049,27,4562.15
CUST-0049,28,3878.5
CUST-0049,29,3273.86
CUST-0049,30,2600.79
CUST-0050,1,6479.23
CUST-0050,2,4898.01
CUST-0050,3,3117.66
CUST-0050,4,2247.5
CUST-0050,5,573.97
CUST-0050,6,0.0
CUST-0050,7,33967.51
CUST-0050,8,32382.96
CUST-0050,9,30540.2
CUST-0050,10,29416.06
CUST-0050,11,27971.86
CUST-0050,12,26853.79
CUST-0050,13,25426.59
CUST-0050,14,23920.41
CUST-0050,15,22427.69
CUST-0050,16,20919.54
CUST-0050,17,19982.36
CUST-0050,18,18392.39
CUST-0050,19,16824.38
CUST-0050,20,15247.21
CUST-0050,21,14381.34
CUST-0050,22,13079.74
CUST-0050,23,11822.33
CUST-0050,24,10941.7
CUST-0050,25,9902.49
CUST-0050,26,8607.76
CUST-0050,27,6960.08
CUST-0050,28,5903.69
CUST-0050,29,4154.5
CUST-0050,30,2737.22
CUST-0051,1,17358.57
CUST-0051,2,16670.14
CUST-0051,3,15910.54
CUST-0051,4,14968.92
CUST-0051,5,14284.85
CUST-0051,6,13579.02
CUST-0051,7,12829.89
CUST-0051,8,12000.73
CUST-0051,9,11564.65
CUST-0051,10,10866.48
CUST-0051,11,10188.44
CUST-0051,12,9250.54
CUST-0051,13,8565.47
CUST-0051,14,7895.27
CUST-0051,15,6933.44
CUST-0051,16,6273.72
CUST-0051,17,5773.25
CUST-0051,18,5251.5
CUST-0051,19,4801.63
CUST-0051,20,4407.64
CUST-0051,21,3758.92
CUST-0051,22,2911.03
CUST-0051,23,2084.27
CUST-0051,24,1671.62
CUST-0051,25,941.39
CUST-0051,26,456.63
CUST-0051,27,0.0
CUST-0051,28,0.0
CUST-0051,29,0.0
CUST-0051,30,0.0
CUST-0052,1,2982.89
CUST-0052,2,1858.14
CUST-0052,3,5550.51
CUST-0052,4,4310.5
CUST-0052,5,3390.32
CUST-0052,6,2268.36
CUST-0052,7,1072.56
CUST-0052,8,9859.19
CUST-0052,9,9156.87
CUST-0052,10,8404.91
CUST-0052,11,7681.7
CUST-0052,12,13948.69
CUST-0052,13,12963.66
CUST-0052,14,11654.47
CUST-0052,15,10347.84
CUST-0052,16,9406.71
CUST-0052,17,8377.07
CUST-0052,18,7173.19
CUST-0052,19,5911.78
CUST-0052,20,5225.3
CUST-0052,21,4282.78
CUST-0052,22,3100.31
CUST-0052,23,2335.49
CUST-0052,24,1462.94
CUST-0052,25,159.98
CUST-0052,26,0.0
CUST-0052,27,0.0
CUST-0052,28,0.0
CUST-0052,29,0.0
CUST-0052,30,0.0
CUST-0053,1,1868.33
CUST-0053,2,1368.39
CUST-0053,3,812.5
CUST-0053,4,354.01
CUST-0053,5,0.0
CUST-0053,6,0.0
CUST-0053,7,0.0
CUST-0053,8,0.0
CUST-0053,9,0.0
CUST-0053,10,0.0
CUST-0053,11,0.0
CUST-0053,12,0.0
CUST-0053,13,0.0
CUST-0053,14,0.0
CUST-0053,15,0.0
CUST-0053,16,0.0
CUST-0053,17,0.0
CUST-0053,18,0.0
CUST-0053,19,0.0
CUST-0053,20,0.0
CUST-0053,21,0.0
CUST-0053,22,0.0
CUST-0053,23,0.0
CUST-0053,24,0.0
CUST-0053,25,0.0
CUST-0053,26,0.0
CUST-0053,27,0.0
CUST-0053,28,0.0
CUST-0053,29,0.0
CUST-0053,30,14373.28
CUST-0054,1,2438.24
CUST-0054,2,2029.18
CUST-0054,3,1269.14
CUST-0054,4,7980.6
CUST-0054,5,7585.37
CUST-0054,6,7164.62
CUST-0054,7,6522.61
CUST-0054,8,5849.23
CUST-0054,9,10036.53
CUST-0054,10,9252.65
CUST-0054,11,8690.94
CUST-0054,12,8223.01
CUST-0054,13,7669.44
CUST-0054,14,7172.77
CUST-0054,15,6741.55
CUST-0054,16,6396.68
CUST-0054,17,5903.62
CUST-0054,18,5236.72
CUST-0054,19,4905.18
CUST-0054,20,4370.03
CUST-0054,21,3735.75
CUST-0054,22,3117.74
CUST-0054,23,2419.28
CUST-0054,24,1704.42
CUST-0054,25,1037.39
CUST-0054,26,665.02
CUST-0054,27,112.52
CUST-0054,28,0.0
CUST-0054,29,0.0
CUST-0054,30,0.0
CUST-0055,1,2261.07
CUST-0055,2,332.91
CUST-0055,3,0.0
CUST-0055,4,0.0
CUST-0055,5,0.0
CUST-0055,6,0.0
CUST-0055,7,42151.77
CUST-0055,8,40930.34
CUST-0055,9,38090.33
CUST-0055,10,35202.2
CUST-0055,11,33991.14
CUST-0055,12,31440.09
CUST-0055,13,28519.36
CUST-0055,14,25713.37
CUST-0055,15,22791.73
CUST-0055,16,20620.2
CUST-0055,17,19291.19
CUST-0055,18,16585.31
CUST-0055,19,14300.48
CUST-0055,20,12014.02
CUST-0055,21,10079.93
CUST-0055,22,7870.01
CUST-0055,23,6406.42
CUST-0055,24,3896.85
CUST-0055,25,2573.44
CUST-0055,26,81.7
CUST-0055,27,0.0
CUST-0055,28,0.0
CUST-0055,29,0.0
CUST-0055,30,0.0
CUST-0056,1,8992.31
CUST-0056,2,7525.29
CUST-0056,3,6333.34
CUST-0056,4,5077.96
CUST-0056,5,3476.47
CUST-0056,6,1196.97
CUST-0056,7,44212.71
CUST-0056,8,42963.47
CUST-0056,9,40801.55
CUST-0056,10,39321.49
CUST-0056,11,37170.68
CUST-0056,12,35883.97
CUST-0056,13,34063.29
CUST-0056,14,31806.31
CUST-0056,15,30496.66
CUST-0056,16,28570.78
CUST-0056,17,26227.9
CUST-0056,18,25070.24
CUST-0056,19,24000.68
CUST-0056,20,22101.33
CUST-0056,21,20675.75
CUST-0056,22,19630.5
CUST-0056,23,18012.88
CUST-0056,24,16000.82
CUST-0056,25,14652.6
CUST-0056,26,13233.66
CUST-0056,27,11091.38
CUST-0056,28,9410.35
CUST-0056,29,7272.27
CUST-0056,30,5695.62
CUST-0057,1,7707.32
CUST-0057,2,18354.65
CUST-0057,3,16069.0
CUST-0057,4,14366.38
CUST-0057,5,13175.79
CUST-0057,6,11968.93
CUST-0057,7,9974.27
CUST-0057,8,8922.54
CUST-0057,9,22518.44
CUST-0057,10,21330.58
CUST-0057,11,19698.94
CUST-0057,12,18106.67
CUST-0057,13,16356.01
CUST-0057,14,14962.16
CUST-0057,15,13933.01
CUST-0057,16,12046.09
CUST-0057,17,10513.67
CUST-0057,18,8572.33
CUST-0057,19,7430.31
CUST-0057,20,6428.06
CUST-0057,21,5080.38
CUST-0057,22,3425.95
CUST-0057,23,1863.54
CUST-0057,24,0.0
CUST-0057,25,0.0
CUST-0057,26,0.0
CUST-0057,27,11443.83
CUST-0057,28,10429.71
CUST-0057,29,8688.99
CUST-0057,30,7199.11
CUST-0058,1,2464.17
CUST-0058,2,1539.12
CUST-0058,3,512.23
CUST-0058,4,72.56
CUST-0058,5,0.0
CUST-0058,6,0.0
CUST-0058,7,21392.78
CUST-0058,8,20464.71
CUST-0058,9,19635.69
CUST-0058,10,18617.24
CUST-0058,11,17565.72
CUST-0058,12,17113.23
CUST-0058,13,16403.82
CUST-0058,14,15629.27
CUST-0058,15,15110.16
CUST-0058,16,14470.09
CUST-0058,17,13414.32
CUST-0058,18,12978.51
CUST-0058,19,12264.26
CUST-0058,20,11301.03
CUST-0058,21,10668.85
CUST-0058,22,9937.19
CUST-0058,23,8887.55
CUST-0058,24,8159.03
CUST-0058,25,7650.02
CUST-0058,26,7191.55
CUST-0058,27,6162.74
CUST-0058,28,5567.64
CUST-0058,29,4820.49
CUST-0058,30,4337.14
CUST-0059,1,15978.21
CUST-0059,2,15214.75
CUST-0059,3,14145.2
CUST-0059,4,13540.81
CUST-0059,5,12775.97
CUST-0059,6,11779.3
CUST-0059,7,11051.21
CUST-0059,8,10433.33
CUST-0059,9,9439.31
CUST-0059,10,8749.34
CUST-0059,11,7967.4
CUST-0059,12,6894.33
CUST-0059,13,6337.19
CUST-0059,14,5705.0
CUST-0059,15,5249.35
CUST-0059,16,4558.1
CUST-0059,17,3992.02
CUST-0059,18,3112.57
CUST-0059,19,2558.8
CUST-0059,20,1682.76
CUST-0059,21,1075.34
CUST-0059,22,408.0
CUST-0059,23,0.0
CUST-0059,24,0.0
CUST-0059,25,0.0
CUST-0059,26,0.0
CUST-0059,27,0.0
CUST-0059,28,0.0
CUST-0059,29,0.0
CUST-0059,30,0.0
CUST-0060,1,1846.83
CUST-0060,2,594.76
CUST-0060,3,0.0
CUST-0060,4,0.0
CUST-0060,5,0.0
CUST-0060,6,0.0
CUST-0060,7,0.0
CUST-0060,8,0.0
CUST-0060,9,0.0
CUST-0060,10,0.0
CUST-0060,11,0.0
CUST-0060,12,0.0
CUST-0060,13,-800.0
CUST-0060,14,0.0
CUST-0060,15,0.0
CUST-0060,16,0.0
CUST-0060,17,0.0
CUST-0060,18,0.0
CUST-0060,19,0.0
CUST-0060,20,0.0
CUST-0060,21,0.0
CUST-0060,22,0.0
CUST-0060,23,0.0
CUST-0060,24,0.0
CUST-0060,25,0.0
CUST-0060,26,-754.18
CUST-0060,27,0.0
CUST-0060,28,0.0
CUST-0060,29,0.0
CUST-0060,30,20865.91
CUST-0061,1,30009.19
CUST-0061,2,29028.69
CUST-0061,3,28131.84
CUST-0061,4,27005.66
CUST-0061,5,25160.66
CUST-0061,6,23012.12
CUST-0061,7,20944.32
CUST-0061,8,19426.54
CUST-0061,9,17872.97
CUST-0061,10,16601.01
CUST-0061,11,14733.59
CUST-0061,12,12878.08
CUST-0061,13,10919.5
CUST-0061,14,8894.5
CUST-0061,15,7467.29
CUST-0061,16,5609.03
CUST-0061,17,3699.54
CUST-0061,18,2435.51
CUST-0061,19,366.78
CUST-0061,20,0.0
CUST-0061,21,0.0
CUST-0061,22,0.0
CUST-0061,23,0.0
CUST-0061,24,0.0
CUST-0061,25,0.0
CUST-0061,26,0.0
CUST-0061,27,0.0
CUST-0061,28,0.0
CUST-0061,29,0.0
CUST-0061,30,0.0
CUST-0062,1,6504.67
CUST-0062,2,4561.38
CUST-0062,3,1506.14
CUST-0062,4,0.0
CUST-0062,5,0.0
CUST-0062,6,0.0
CUST-0062,7,0.0
CUST-0062,8,0.0
CUST-0062,9,0.0
CUST-0062,10,0.0
CUST-0062,11,0.0
CUST-0062,12,0.0
CUST-0062,13,0.0
CUST-0062,14,0.0
CUST-0062,15,0.0
CUST-0062,16,0.0
CUST-0062,17,0.0
CUST-0062,18,0.0
CUST-0062,19,0.0
CUST-0062,20,0.0
CUST-0062,21,0.0
CUST-0062,22,0.0
CUST-0062,23,0.0
CUST-0062,24,0.0
CUST-0062,25,0.0
CUST-0062,26,0.0
CUST-0062,27,0.0
CUST-0062,28,0.0
CUST-0062,29,0.0
CUST-0062,30,86572.22
CUST-0063,1,4149.63
CUST-0063,2,1655.34
CUST-0063,3,0.0
CUST-0063,4,0.0
CUST-0063,5,87685.44
CUST-0063,6,83651.32
CUST-0063,7,78921.59
CUST-0063,8,76579.34
CUST-0063,9,72818.35
CUST-0063,10,69866.67
CUST-0063,11,65624.97
CUST-0063,12,63119.54
CUST-0063,13,58003.31
CUST-0063,14,53022.1
CUST-0063,15,50301.98
CUST-0063,16,47143.87
CUST-0063,17,43142.36
CUST-0063,18,38724.75
CUST-0063,19,35185.76
CUST-0063,20,32560.33
CUST-0063,21,30101.25
CUST-0063,22,24784.95
CUST-0063,23,21205.45
CUST-0063,24,16295.05
CUST-0063,25,12629.34
CUST-0063,26,7559.99
CUST-0063,27,5153.19
CUST-0063,28,2662.63
CUST-0063,29,0.0
CUST-0063,30,0.0
CUST-0064,1,2832.99
CUST-0064,2,1346.55
CUST-0064,3,0.0
CUST-0064,4,0.0
CUST-0064,5,0.0
CUST-0064,6,0.0
CUST-0064,7,0.0
CUST-0064,8,-800.0
CUST-0064,9,0.0
CUST-0064,10,0.0
CUST-0064,11,4964.23
CUST-0064,12,3208.16
CUST-0064,13,2197.8
CUST-0064,14,11050.71
CUST-0064,15,9171.03
CUST-0064,16,7121.68
CUST-0064,17,6054.94
CUST-0064,18,4744.21
CUST-0064,19,3369.49
CUST-0064,20,1770.53
CUST-0064,21,490.74
CUST-0064,22,5624.73
CUST-0064,23,4249.3
CUST-0064,24,3025.72
CUST-0064,25,1627.65
CUST-0064,26,14180.56
CUST-0064,27,12947.23
CUST-0064,28,11229.02
CUST-0064,29,9827.98
CUST-0064,30,8483.76
CUST-0065,1,38606.82
CUST-0065,2,37240.05
CUST-0065,3,35600.51
CUST-0065,4,33465.95
CUST-0065,5,31912.09
CUST-0065,6,29851.25
CUST-0065,7,27942.23
CUST-0065,8,26993.97
CUST-0065,9,25561.53
CUST-0065,10,23777.15
CUST-0065,11,21615.77
CUST-0065,12,20145.06
CUST-0065,13,19152.26
CUST-0065,14,17546.08
CUST-0065,15,16509.13
CUST-0065,16,14655.2
CUST-0065,17,13120.04
CUST-0065,18,11302.84
CUST-0065,19,9294.86
CUST-0065,20,7601.17
CUST-0065,21,5929.06
CUST-0065,22,4071.15
CUST-0065,23,2098.35
CUST-0065,24,90.78
CUST-0065,25,0.0
CUST-0065,26,0.0
CUST-0065,27,0.0
CUST-0065,28,0.0
CUST-0065,29,0.0
CUST-0065,30,0.0
CUST-0066,1,1342.98
CUST-0066,2,0.0
CUST-0066,3,0.0
CUST-0066,4,0.0
CUST-0066,5,0.0
CUST-0066,6,0.0
CUST-0066,7,0.0
CUST-0066,8,0.0
CUST-0066,9,0.0
CUST-0066,12,0.0
CUST-0066,13,0.0
CUST-0066,14,0.0
CUST-0066,15,0.0
CUST-0066,16,0.0
CUST-0066,17,0.0
CUST-0066,18,0.0
CUST-0066,19,-800.0
CUST-0066,20,0.0
CUST-0066,21,0.0
CUST-0066,22,0.0
CUST-0066,23,0.0
CUST-0066,24,0.0
CUST-0066,25,0.0
CUST-0066,26,0.0
CUST-0066,27,0.0
CUST-0066,28,0.0
CUST-0066,29,0.0
CUST-0066,30,27176.98
CUST-0067,1,2793.88
CUST-0067,2,1879.72
CUST-0067,3,1023.57
CUST-0067,4,268.76
CUST-0067,5,0.0
CUST-0067,6,0.0
CUST-0067,7,0.0
CUST-0067,8,0.0
CUST-0067,9,0.0
CUST-0067,10,0.0
CUST-0067,11,0.0
CUST-0067,12,0.0
CUST-0067,13,0.0
CUST-0067,14,0.0
CUST-0067,15,0.0
CUST-0067,16,0.0
CUST-0067,17,0.0
CUST-0067,18,0.0
CUST-0067,19,0.0
CUST-0067,20,0.0
CUST-0067,21,0.0
CUST-0067,22,0.0
CUST-0067,23,0.0
CUST-0067,24,0.0
CUST-0067,25,0.0
CUST-0067,26,0.0
CUST-0067,27,0.0
CUST-0067,28,-751.03
CUST-0067,29,0.0
CUST-0067,30,26748.67
CUST-0068,1,1925.28
CUST-0068,2,954.58
CUST-0068,3,0.0
CUST-0068,4,0.0
CUST-0068,5,0.0
CUST-0068,6,0.0
CUST-0068,7,0.0
CUST-0068,8,0.0
CUST-0068,9,0.0
CUST-0068,10,0.0
CUST-0068,11,0.0
CUST-0068,12,0.0
CUST-0068,13,0.0
CUST-0068,14,0.0
CUST-0068,15,0.0
CUST-0068,16,0.0
CUST-0068,17,0.0
CUST-0068,18,0.0
CUST-0068,19,0.0
CUST-0068,20,0.0
CUST-0068,21,-800.0
CUST-0068,22,0.0
CUST-0068,23,0.0
CUST-0068,24,0.0
CUST-0068,25,0.0
CUST-0068,26,0.0
CUST-0068,27,0.0
CUST-0068,28,0.0
CUST-0068,29,0.0
CUST-0068,30,33785.05
CUST-0069,1,2852.01
CUST-0069,2,1643.27
CUST-0069,3,646.61
CUST-0069,4,17.84
CUST-0069,5,0.0
CUST-0069,6,4010.46
CUST-0069,7,3300.19
CUST-0069,8,2658.21
CUST-0069,9,7827.76
CUST-0069,10,7266.97
CUST-0069,11,6144.52
CUST-0069,12,4845.39
CUST-0069,13,4286.45
CUST-0069,14,3175.15
CUST-0069,15,2595.02
CUST-0069,16,1606.21
CUST-0069,17,488.62
CUST-0069,18,0.0
CUST-0069,19,16967.73
CUST-0069,20,15976.52
CUST-0069,21,14674.19
CUST-0069,22,13948.15
CUST-0069,23,13275.62
CUST-0069,24,12654.6
CUST-0069,25,11694.75
CUST-0069,26,10702.55
CUST-0069,27,9556.53
CUST-0069,28,8441.29
CUST-0069,29,7216.5
CUST-0069,30,6059.87
CUST-0070,1,2161.84
CUST-0070,2,1121.68
CUST-0070,3,46.59
CUST-0070,4,0.0
CUST-0070,5,0.0
CUST-0070,6,0.0
CUST-0070,7,0.0
CUST-0070,8,0.0
CUST-0070,9,0.0
CUST-0070,10,0.0
CUST-0070,11,0.0
CUST-0070,12,0.0
CUST-0070,13,-791.97
CUST-0070,14,0.0
CUST-0070,17,0.0
CUST-0070,18,0.0
CUST-0070,19,0.0
CUST-0070,20,0.0
CUST-0070,21,0.0
CUST-0070,22,0.0
CUST-0070,23,0.0
CUST-0070,24,0.0
CUST-0070,25,0.0
CUST-0070,26,0.0
CUST-0070,27,0.0
CUST-0070,28,33932.81
CUST-0070,29,32461.23
CUST-0070,30,30709.45
CUST-0071,1,3182.91
CUST-0071,2,1933.0
CUST-0071,3,321.86
CUST-0071,4,0.0
CUST-0071,5,27063.46
CUST-0071,6,26079.34
CUST-0071,7,24713.57
CUST-0071,8,23413.55
CUST-0071,9,22011.4
CUST-0071,10,21200.91
CUST-0071,11,19988.19
CUST-0071,12,18573.12
CUST-0071,13,17155.54
CUST-0071,14,15656.27
CUST-0071,15,14085.79
CUST-0071,16,12604.39
CUST-0071,17,10954.62
CUST-0071,18,9492.23
CUST-0071,19,8128.65
CUST-0071,20,6687.28
CUST-0071,21,5817.77
CUST-0071,22,4753.54
CUST-0071,23,3401.4
CUST-0071,24,1657.93
CUST-0071,25,134.06
CUST-0071,26,0.0
CUST-0071,27,0.0
CUST-0071,28,0.0
CUST-0071,29,0.0
CUST-0071,30,0.0
CUST-0072,1,8094.0
CUST-0072,2,6473.89
CUST-0072,3,4680.28
CUST-0072,4,2213.24
CUST-0072,5,0.0
CUST-0072,6,0.0
CUST-0072,7,0.0
CUST-0072,8,0.0
CUST-0072,9,0.0
CUST-0072,10,0.0
CUST-0072,11,0.0
CUST-0072,12,0.0
CUST-0072,13,0.0
CUST-0072,14,0.0
CUST-0072,15,0.0
CUST-0072,16,0.0
CUST-0072,17,0.0
CUST-0072,18,0.0
CUST-0072,19,0.0
CUST-0072,20,0.0
CUST-0072,21,0.0
CUST-0072,22,0.0
CUST-0072,23,0.0
CUST-0072,24,0.0
CUST-0072,25,-800.0
CUST-0072,26,0.0
CUST-0072,27,0.0
CUST-0072,28,0.0
CUST-0072,29,0.0
CUST-0072,30,58584.33
CUST-0073,1,7530.62
CUST-0073,2,6014.29
CUST-0073,3,3092.9
CUST-0073,4,0.0
CUST-0073,5,0.0
CUST-0073,6,0.0
CUST-0073,7,0.0
CUST-0073,8,0.0
CUST-0073,9,0.0
CUST-0073,10,0.0
CUST-0073,11,12066.7
CUST-0073,12,9622.41
CUST-0073,13,7270.82
CUST-0073,14,5569.28
CUST-0073,15,3916.86
CUST-0073,16,1970.11
CUST-0073,17,0.0
CUST-0073,18,0.0
CUST-0073,19,0.0
CUST-0073,20,11369.52
CUST-0073,21,9460.87
CUST-0073,22,17964.61
CUST-0073,23,15302.31
CUST-0073,24,13062.58
CUST-0073,25,10264.25
CUST-0073,26,6846.79
CUST-0073,27,5076.96
CUST-0073,28,9456.83
CUST-0073,29,6060.4
CUST-0073,30,2822.83
CUST-0074,1,4919.49
CUST-0074,2,3651.47
CUST-0074,3,2333.65
CUST-0074,4,1670.31
CUST-0074,5,92.65
CUST-0074,6,0.0
CUST-0074,7,0.0
CUST-0074,8,0.0
CUST-0074,9,0.0
CUST-0074,10,0.0
CUST-0074,11,0.0
CUST-0074,12,0.0
CUST-0074,13,0.0
CUST-0074,14,0.0
CUST-0074,15,0.0
CUST-0074,16,0.0
CUST-0074,17,0.0
CUST-0074,18,0.0
CUST-0074,19,0.0
CUST-0074,20,0.0
CUST-0074,21,0.0
CUST-0074,22,0.0
CUST-0074,23,0.0
CUST-0074,24,0.0
CUST-0074,25,0.0
CUST-0074,26,0.0
CUST-0074,27,0.0
CUST-0074,28,34097.88
CUST-0074,29,33000.26
CUST-0074,30,32322.83
CUST-0075,1,7540.41
CUST-0075,2,4522.71
CUST-0075,3,1996.41
CUST-0075,4,0.0
CUST-0075,5,0.0
CUST-0075,6,0.0
CUST-0075,7,0.0
CUST-0075,8,0.0
CUST-0075,9,0.0
CUST-0075,10,0.0
CUST-0075,11,0.0
CUST-0075,12,0.0
CUST-0075,13,0.0
CUST-0075,14,0.0
CUST-0075,15,0.0
CUST-0075,16,0.0
CUST-0075,17,0.0
CUST-0075,18,0.0
CUST-0075,19,0.0
CUST-0075,20,-800.0
CUST-0075,21,0.0
CUST-0075,22,0.0
CUST-0075,23,0.0
CUST-0075,24,0.0
CUST-0075,25,0.0
CUST-0075,26,0.0
CUST-0075,27,0.0
CUST-0075,28,0.0
CUST-0075,29,0.0
CUST-0075,30,56937.61
CUST-0076,1,15544.88
CUST-0076,2,12527.77
CUST-0076,3,8858.55
CUST-0076,4,2832.6
CUST-0076,8,0.0
CUST-0076,9,0.0
CUST-0076,10,0.0
CUST-0076,11,0.0
CUST-0076,12,0.0
CUST-0076,13,0.0
CUST-0076,14,0.0
CUST-0076,15,0.0
CUST-0076,16,0.0
CUST-0076,17,0.0
CUST-0076,18,0.0
CUST-0076,19,0.0
CUST-0076,20,0.0
CUST-0076,21,0.0
CUST-0076,22,0.0
CUST-0076,23,0.0
CUST-0076,24,0.0
CUST-0076,25,0.0
CUST-0076,26,0.0
CUST-0076,27,0.0
CUST-0076,28,0.0
CUST-0076,29,0.0
CUST-0076,30,83797.55
CUST-0077,1,1149.1
CUST-0077,2,0.0
CUST-0077,3,0.0
CUST-0077,4,0.0
CUST-0077,5,0.0
CUST-0077,6,0.0
CUST-0077,7,0.0
CUST-0077,8,0.0
CUST-0077,9,0.0
CUST-0077,10,0.0
CUST-0077,11,0.0
CUST-0077,12,0.0
CUST-0077,13,0.0
CUST-0077,14,0.0
CUST-0077,15,0.0
CUST-0077,16,0.0
CUST-0077,17,0.0
CUST-0077,18,0.0
CUST-0077,19,0.0
CUST-0077,20,0.0
CUST-0077,21,0.0
CUST-0077,22,0.0
CUST-0077,23,0.0
CUST-0077,24,0.0
CUST-0077,25,0.0
CUST-0077,26,0.0
CUST-0077,27,0.0
CUST-0077,28,32716.44
CUST-0077,29,31221.15
CUST-0077,30,29184.12
CUST-0078,1,69717.87
CUST-0078,2,66561.94
CUST-0078,3,64460.59
CUST-0078,4,62020.53
CUST-0078,5,60490.48
CUST-0078,6,58723.13
CUST-0078,7,55738.01
CUST-0078,8,53632.45
CUST-0078,9,51531.78
CUST-0078,10,49724.41
CUST-0078,11,47430.6
CUST-0078,12,44514.56
CUST-0078,13,41421.57
CUST-0078,14,39962.48
CUST-0078,15,37503.89
CUST-0078,16,35258.28
CUST-0078,17,32721.54
CUST-0078,18,30515.53
CUST-0078,19,28405.83
CUST-0078,20,26151.1
CUST-0078,21,23678.29
CUST-0078,22,21365.92
CUST-0078,23,19110.66
CUST-0078,24,16170.82
CUST-0078,25,13373.92
CUST-0078,26,11377.63
CUST-0078,27,8471.96
CUST-0078,28,5461.19
CUST-0078,29,3836.98
CUST-0078,30,1362.82
CUST-0079,1,694.7
CUST-0079,2,107.8
CUST-0079,3,0.0
CUST-0079,4,0.0
CUST-0079,5,0.0
CUST-0079,6,0.0
CUST-0079,7,0.0
CUST-0079,8,0.0
CUST-0079,9,0.0
CUST-0079,10,0.0
CUST-0079,11,0.0
CUST-0079,12,0.0
CUST-0079,13,0.0
CUST-0079,14,0.0
CUST-0079,15,0.0
CUST-0079,16,-800.0
CUST-0079,17,0.0
CUST-0079,18,0.0
CUST-0079,19,0.0
CUST-0079,20,0.0
CUST-0079,21,0.0
CUST-0079,22,0.0
CUST-0079,23,0.0
CUST-0079,24,0.0
CUST-0079,25,0.0
CUST-0079,26,0.0
CUST-0079,27,0.0
CUST-0079,28,14406.05
CUST-0079,29,13883.51
CUST-0079,30,12893.59
CUST-0080,1,1365.57
CUST-0080,2,330.42
CUST-0080,3,0.0
CUST-0080,4,0.0
CUST-0080,5,21263.73
CUST-0080,6,20343.13
CUST-0080,7,19704.91
CUST-0080,8,19032.31
CUST-0080,9,18511.09
CUST-0080,10,17632.11
CUST-0080,11,16725.71
CUST-0080,12,16224.02
CUST-0080,13,15561.96
CUST-0080,14,14587.99
CUST-0080,15,14169.96
CUST-0080,16,13567.05
CUST-0080,17,12804.08
CUST-0080,18,12179.09
CUST-0080,19,11592.86
CUST-0080,20,10889.22
CUST-0080,21,10359.52
CUST-0080,22,9612.42
CUST-0080,23,8754.74
CUST-0080,24,7979.12
CUST-0080,25,7504.64
CUST-0080,26,6560.95
CUST-0080,27,6035.34
CUST-0080,28,5141.37
CUST-0080,29,4499.85
CUST-0080,30,3594.67
CUST-0081,1,37301.96
CUST-0081,2,36085.6
CUST-0081,3,35354.33
CUST-0081,4,34422.0
CUST-0081,5,32968.38
CUST-0081,6,31396.25
CUST-0081,7,30614.97
CUST-0081,8,28996.13
CUST-0081,9,27465.68
CUST-0081,10,25859.79
CUST-0081,11,24432.91
CUST-0081,12,23031.41
CUST-0081,13,21785.71
CUST-0081,14,20406.54
CUST-0081,15,18748.99
CUST-0081,16,17947.08
CUST-0081,17,16920.18
CUST-0081,18,16147.61
CUST-0081,19,14463.2
CUST-0081,20,13300.94
CUST-0081,21,11898.19
CUST-0081,22,10322.16
CUST-0081,23,8589.47
CUST-0081,24,7723.52
CUST-0081,25,6190.98
CUST-0081,26,4566.56
CUST-0081,27,3818.63
CUST-0081,28,2333.57
CUST-0081,29,1265.95
CUST-0081,30,0.0
CUST-0082,1,4359.49
CUST-0082,2,3503.55
CUST-0082,3,2667.12
CUST-0082,4,1845.24
CUST-0082,5,452.86
CUST-0082,6,0.0
CUST-0082,7,0.0
CUST-0082,8,0.0
CUST-0082,9,0.0
CUST-0082,10,0.0
CUST-0082,11,0.0
CUST-0082,12,0.0
CUST-0082,13,0.0
CUST-0082,14,0.0
CUST-0082,15,0.0
CUST-0082,16,0.0
CUST-0082,17,0.0
CUST-0082,18,0.0
CUST-0082,19,-800.0
CUST-0082,20,0.0
CUST-0082,21,0.0
CUST-0082,22,0.0
CUST-0082,23,0.0
CUST-0082,24,0.0
CUST-0082,25,0.0
CUST-0082,26,0.0
CUST-0082,27,0.0
CUST-0082,28,0.0
CUST-0082,29,0.0
CUST-0082,30,33508.1
CUST-0083,1,1353.5
CUST-0083,2,819.48
CUST-0083,3,0.0
CUST-0083,4,0.0
CUST-0083,5,0.0
CUST-0083,6,0.0
CUST-0083,7,0.0
CUST-0083,8,0.0
CUST-0083,9,0.0
CUST-0083,10,0.0
CUST-0083,11,0.0
CUST-0083,12,0.0
CUST-0083,13,0.0
CUST-0083,14,9459.16
CUST-0083,15,8241.58
CUST-0083,16,7005.32
CUST-0083,17,5950.42
CUST-0083,18,5101.04
CUST-0083,19,4435.67
CUST-0083,20,3325.66
CUST-0083,21,2272.81
CUST-0083,22,1605.97
CUST-0083,23,767.09
CUST-0083,24,0.0
CUST-0083,25,11679.56
CUST-0083,26,10666.11
CUST-0083,27,9683.19
CUST-0083,28,8695.26
CUST-0083,29,7992.02
CUST-0083,30,7212.8
CUST-0084,1,45587.91
CUST-0084,2,44019.64
CUST-0084,3,42443.89
CUST-0084,4,41143.21
CUST-0084,5,39893.78
CUST-0084,6,38104.71
CUST-0084,7,36822.29
CUST-0084,8,35779.96
CUST-0084,9,33734.63
CUST-0084,10,32246.97
CUST-0084,11,30753.94
CUST-0084,12,29188.06
CUST-0084,13,27074.93
CUST-0084,14,25666.61
CUST-0084,15,23634.79
CUST-0084,16,21344.11
CUST-0084,17,19450.86
CUST-0084,18,17884.46
CUST-0084,19,15867.25
CUST-0084,20,14263.46
CUST-0084,21,12721.67
CUST-0084,22,11021.78
CUST-0084,23,9617.9
CUST-0084,24,8518.47
CUST-0084,25,6976.07
CUST-0084,26,5848.67
CUST-0084,27,4312.57
CUST-0084,28,2567.54
CUST-0084,29,289.46
CUST-0084,30,0.0
CUST-0085,1,5489.91
CUST-0085,2,4052.27
CUST-0085,3,2134.76
CUST-0085,4,491.54
CUST-0085,5,0.0
CUST-0085,6,0.0
CUST-0085,7,0.0
CUST-0085,8,0.0
CUST-0085,9,0.0
CUST-0085,10,0.0
CUST-0085,11,0.0
CUST-0085,12,0.0
CUST-0085,13,0.0
CUST-0085,14,0.0
CUST-0085,15,0.0
CUST-0085,16,0.0
CUST-0085,17,0.0
CUST-0085,18,0.0
CUST-0085,19,0.0
CUST-0085,20,0.0
CUST-0085,21,0.0
CUST-0085,22,0.0
CUST-0085,23,0.0
CUST-0085,24,0.0
CUST-0085,25,0.0
CUST-0085,26,0.0
CUST-0085,27,0.0
CUST-0085,28,0.0
CUST-0085,29,0.0
CUST-0085,30,42801.2
CUST-0086,1,7226.21
CUST-0086,2,5100.41
CUST-0086,3,3764.17
CUST-0086,4,2083.39
CUST-0086,5,0.0
CUST-0086,6,0.0
CUST-0086,7,0.0
CUST-0086,8,0.0
CUST-0086,9,0.0
CUST-0086,10,-800.0
CUST-0086,11,0.0
CUST-0086,12,0.0
CUST-0086,13,0.0
CUST-0086,14,0.0
CUST-0086,15,0.0
CUST-0086,16,0.0
CUST-0086,17,0.0
CUST-0086,18,0.0
CUST-0086,19,0.0
CUST-0086,20,0.0
CUST-0086,21,0.0
CUST-0086,22,0.0
CUST-0086,23,0.0
CUST-0086,24,0.0
CUST-0086,25,0.0
CUST-0086,26,0.0
CUST-0086,27,0.0
CUST-0086,28,0.0
CUST-0086,29,0.0
CUST-0086,30,33882.88
CUST-0087,1,3078.59
CUST-0087,2,828.19
CUST-0087,3,0.0
CUST-0087,4,0.0
CUST-0087,5,0.0
CUST-0087,6,0.0
CUST-0087,7,0.0
CUST-0087,8,0.0
CUST-0087,9,0.0
CUST-0087,10,0.0
CUST-0087,11,0.0
CUST-0087,12,0.0
CUST-0087,13,0.0
CUST-0087,14,0.0
CUST-0087,18,0.0
CUST-0087,19,0.0
CUST-0087,20,0.0
CUST-0087,21,0.0
CUST-0087,22,0.0
CUST-0087,23,0.0
CUST-0087,24,0.0
CUST-0087,25,0.0
CUST-0087,26,0.0
CUST-0087,27,0.0
CUST-0087,28,0.0
CUST-0087,29,0.0
CUST-0087,30,33704.9
CUST-0088,1,4771.82
CUST-0088,2,3300.84
CUST-0088,3,2100.42
CUST-0088,4,944.98
CUST-0088,5,0.0
CUST-0088,6,0.0
CUST-0088,7,0.0
CUST-0088,8,0.0
CUST-0088,9,0.0
CUST-0088,10,0.0
CUST-0088,11,0.0
CUST-0088,12,0.0
CUST-0088,13,0.0
CUST-0088,14,0.0
CUST-0088,15,0.0
CUST-0088,16,0.0
CUST-0088,17,0.0
CUST-0088,18,0.0
CUST-0088,19,0.0
CUST-0088,20,0.0
CUST-0088,21,0.0
CUST-0088,22,0.0
CUST-0088,23,0.0
CUST-0088,24,0.0
CUST-0088,25,0.0
CUST-0088,26,0.0
CUST-0088,27,0.0
CUST-0088,28,0.0
CUST-0088,29,0.0
CUST-0088,30,33521.71
CUST-0089,1,2503.46
CUST-0089,2,1635.17
CUST-0089,3,1059.22
CUST-0089,4,0.0
CUST-0089,5,0.0
CUST-0089,6,0.0
CUST-0089,7,0.0
CUST-0089,8,8001.21
CUST-0089,9,13073.43
CUST-0089,10,12579.99
CUST-0089,11,17033.33
CUST-0089,12,16207.82
CUST-0089,13,15697.13
CUST-0089,14,15206.96
CUST-0089,15,14275.79
CUST-0089,16,13645.42
CUST-0089,17,12623.29
CUST-0089,18,11684.73
CUST-0089,19,10788.15
CUST-0089,20,10167.19
CUST-0089,21,9263.53
CUST-0089,22,8202.75
CUST-0089,23,7704.66
CUST-0089,24,7052.46
CUST-0089,25,6460.36
CUST-0089,26,5764.09
CUST-0089,27,4838.51
CUST-0089,28,4089.03
CUST-0089,29,3276.17
CUST-0089,30,2631.86
CUST-0090,1,2263.48
CUST-0090,2,0.0
CUST-0090,3,0.0
CUST-0090,4,0.0
CUST-0090,5,0.0
CUST-0090,6,0.0
CUST-0090,7,0.0
CUST-0090,8,0.0
CUST-0090,9,0.0
CUST-0090,10,0.0
CUST-0090,11,0.0
CUST-0090,12,0.0
CUST-0090,13,0.0
CUST-0090,14,0.0
CUST-0090,15,0.0
CUST-0090,16,0.0
CUST-0090,17,0.0
CUST-0090,18,0.0
CUST-0090,19,0.0
CUST-0090,20,0.0
CUST-0090,21,0.0
CUST-0090,22,0.0
CUST-0090,23,0.0
CUST-0090,24,0.0
CUST-0090,25,0.0
CUST-0090,26,0.0
CUST-0090,27,-800.0
CUST-0090,28,0.0
CUST-0090,29,0.0
CUST-0090,30,56972.51
CUST-0091,1,5285.59
CUST-0091,2,4438.37
CUST-0091,3,3538.99
CUST-0091,4,2324.74
CUST-0091,5,1260.19
CUST-0091,6,385.21
CUST-0091,7,0.0
CUST-0091,8,0.0
CUST-0091,9,0.0
CUST-0091,10,0.0
CUST-0091,11,0.0
CUST-0091,12,0.0
CUST-0091,13,0.0
CUST-0091,14,0.0
CUST-0091,15,0.0
CUST-0091,16,0.0
CUST-0091,17,0.0
CUST-0091,18,0.0
CUST-0091,19,0.0
CUST-0091,20,0.0
CUST-0091,21,0.0
CUST-0091,22,0.0
CUST-0091,23,0.0
CUST-0091,24,0.0
CUST-0091,25,0.0
CUST-0091,26,0.0
CUST-0091,27,0.0
CUST-0091,28,0.0
CUST-0091,29,0.0
CUST-0091,30,34162.69
CUST-0092,1,99064.19
CUST-0092,2,94358.64
CUST-0092,3,89784.43
CUST-0092,4,85087.87
CUST-0092,5,80586.55
CUST-0092,6,75746.0
CUST-0092,7,72386.42
CUST-0092,8,70267.29
CUST-0092,9,68041.07
CUST-0092,10,64904.71
CUST-0092,11,62161.79
CUST-0092,12,59679.25
CUST-0092,13,54872.46
CUST-0092,14,52314.32
CUST-0092,15,47489.2
CUST-0092,16,43253.24
CUST-0092,17,39373.04
CUST-0092,18,35388.77
CUST-0092,19,32426.9
CUST-0092,20,28530.44
CUST-0092,21,25998.19
CUST-0092,22,21237.39
CUST-0092,23,18363.59
CUST-0092,24,15628.09
CUST-0092,25,11539.54
CUST-0092,26,7613.34
CUST-0092,27,4295.9
CUST-0092,28,440.92
CUST-0092,29,0.0
CUST-0092,30,0.0
CUST-0093,1,2008.35
CUST-0093,2,1437.77
CUST-0093,3,750.01
CUST-0093,4,63.04
CUST-0093,5,0.0
CUST-0093,6,0.0
CUST-0093,7,0.0
CUST-0093,8,0.0
CUST-0093,9,0.0
CUST-0093,10,7966.82
CUST-0093,11,6858.05
CUST-0093,12,6105.3
CUST-0093,13,17326.03
CUST-0093,14,16799.41
CUST-0093,15,16310.9
CUST-0093,16,15355.36
CUST-0093,17,14372.53
CUST-0093,18,13333.22
CUST-0093,19,12835.16
CUST-0093,20,11841.39
CUST-0093,21,11123.24
CUST-0093,22,10455.48
CUST-0093,23,9877.43
CUST-0093,24,8732.82
CUST-0093,25,12530.05
CUST-0093,26,11501.79
CUST-0093,27,10602.62
CUST-0093,28,9637.64
CUST-0093,29,8688.75
CUST-0093,30,7638.85
CUST-0094,1,2218.93
CUST-0094,2,669.2
CUST-0094,3,0.0
CUST-0094,4,-800.0
CUST-0094,5,33155.4
CUST-0094,6,31932.44
CUST-0094,7,31029.81
CUST-0094,8,30143.5
CUST-0094,9,28204.86
CUST-0094,10,27005.96
CUST-0094,11,24986.23
CUST-0094,12,22988.37
CUST-0094,13,21997.14
CUST-0094,14,20304.83
CUST-0094,15,18752.3
CUST-0094,16,17089.73
CUST-0094,17,16155.3
CUST-0094,22,8975.87
CUST-0094,23,7288.66
CUST-0094,24,5266.04
CUST-0094,25,3618.94
CUST-0094,26,2753.12
CUST-0094,27,874.53
CUST-0094,28,0.0
CUST-0094,29,0.0
CUST-0094,30,0.0
CUST-0095,1,6362.24
CUST-0095,2,5112.24
CUST-0095,3,4205.17
CUST-0095,4,3423.38
CUST-0095,5,2616.93
CUST-0095,6,1112.76
CUST-0095,7,0.0
CUST-0095,8,0.0
CUST-0095,9,0.0
CUST-0095,10,0.0
CUST-0095,11,0.0
CUST-0095,12,0.0
CUST-0095,13,13525.07
CUST-0095,14,12106.31
CUST-0095,15,10967.97
CUST-0095,16,9649.44
CUST-0095,17,8828.36
CUST-0095,18,7942.3
CUST-0095,19,6217.11
CUST-0095,20,4675.71
CUST-0095,21,2960.3
CUST-0095,22,6451.42
CUST-0095,23,5031.03
CUST-0095,24,3309.68
CUST-0095,25,2140.42
CUST-0095,26,12217.0
CUST-0095,27,11429.94
CUST-0095,28,10592.26
CUST-0095,29,9769.82
CUST-0095,30,8670.72
CUST-0096,1,2257.7
CUST-0096,2,1743.57
CUST-0096,3,1410.97
CUST-0096,4,832.34
CUST-0096,5,414.51
CUST-0096,6,136.5
CUST-0096,7,0.0
CUST-0096,8,0.0
CUST-0096,9,0.0
CUST-0096,10,0.0
CUST-0096,11,0.0
CUST-0096,12,0.0
CUST-0096,13,0.0
CUST-0096,14,0.0
CUST-0096,15,0.0
CUST-0096,16,0.0
CUST-0096,17,0.0
CUST-0096,18,0.0
CUST-0096,19,0.0
CUST-0096,20,0.0
CUST-0096,21,0.0
CUST-0096,22,0.0
CUST-0096,23,0.0
CUST-0096,24,0.0
CUST-0096,25,0.0
CUST-0096,26,0.0
CUST-0096,27,0.0
CUST-0096,28,0.0
CUST-0096,29,0.0
CUST-0096,30,14497.02
CUST-0097,1,72107.28
CUST-0097,2,70552.8
CUST-0097,3,68120.38
CUST-0097,4,66107.01
CUST-0097,5,63185.89
CUST-0097,6,60110.57
CUST-0097,7,57844.52
CUST-0097,8,54586.34
CUST-0097,9,52160.29
CUST-0097,10,50295.35
CUST-0097,11,47996.67
CUST-0097,12,46596.4
CUST-0097,13,43671.1
CUST-0097,14,42143.28
CUST-0097,15,40203.09
CUST-0097,16,37752.57
CUST-0097,17,36341.03
CUST-0097,18,34857.2
CUST-0097,19,32146.5
CUST-0097,20,30677.67
CUST-0097,21,28402.65
CUST-0097,22,26402.89
CUST-0097,23,24623.16
CUST-0097,24,22921.6
CUST-0097,25,20077.05
CUST-0097,26,16858.29
CUST-0097,27,15253.4
CUST-0097,28,12018.44
CUST-0097,29,9509.35
CUST-0097,30,6906.97
CUST-0098,1,5031.16
CUST-0098,2,3200.34
CUST-0098,3,1783.77
CUST-0098,4,305.76
CUST-0098,5,0.0
CUST-0098,6,0.0
CUST-0098,7,33360.3
CUST-0098,8,32497.8
CUST-0098,9,31337.21
CUST-0098,10,30400.06
CUST-0098,11,29344.05
CUST-0098,12,27736.25
CUST-0098,13,26141.09
CUST-0098,14,24801.4
CUST-0098,15,23869.24
CUST-0098,16,22514.37
CUST-0098,17,21258.81
CUST-0098,18,19550.36
CUST-0098,19,18016.1
CUST-0098,20,16589.57
CUST-0098,21,15168.67
CUST-0098,22,13157.44
CUST-0098,23,11404.85
CUST-0098,24,9971.64
CUST-0098,25,8560.31
CUST-0098,26,7706.59
CUST-0098,27,5724.65
CUST-0098,28,4510.44
CUST-0098,29,3374.11
CUST-0098,30,1322.09
CUST-0099,1,4616.75
CUST-0099,2,3792.41
CUST-0099,3,3009.23
CUST-0099,4,1576.46
CUST-0099,5,741.16
CUST-0099,6,0.0
CUST-0099,7,0.0
CUST-0099,8,0.0
CUST-0099,9,0.0
CUST-0099,10,0.0
CUST-0099,11,0.0
CUST-0099,12,0.0
CUST-0099,13,0.0
CUST-0099,14,0.0
CUST-0099,15,0.0
CUST-0099,16,0.0
CUST-0099,17,0.0
CUST-0099,18,0.0
CUST-0099,19,0.0
CUST-0099,20,0.0
CUST-0099,21,0.0
CUST-0099,22,0.0
CUST-0099,23,0.0
CUST-0099,24,0.0
CUST-0099,25,0.0
CUST-0099,26,0.0
CUST-0099,27,0.0
CUST-0099,28,0.0
CUST-0099,29,0.0
CUST-0099,30,26830.78
CUST-0100,1,1113.98
CUST-0100,2,216.28
CUST-0100,3,0.0
CUST-0100,4,0.0
CUST-0100,5,-583.18
CUST-0100,6,0.0
CUST-0100,7,0.0
CUST-0100,8,0.0
CUST-0100,9,0.0
CUST-0100,10,0.0
CUST-0100,11,0.0
CUST-0100,12,0.0
CUST-0100,13,0.0
CUST-0100,14,0.0
CUST-0100,15,0.0
CUST-0100,16,0.0
CUST-0100,17,0.0
CUST-0100,18,0.0
CUST-0100,19,0.0
CUST-0100,20,0.0
CUST-0100,21,0.0
CUST-0100,22,0.0
CUST-0100,23,0.0
CUST-0100,24,0.0
CUST-0100,25,0.0
CUST-0100,26,0.0
CUST-0100,27,0.0
CUST-0100,28,0.0
CUST-0100,29,0.0
CUST-0100,30,14422.51
CUST-0101,1,102950.33
CUST-0101,2,100484.01
CUST-0101,3,97076.38
CUST-0101,4,92279.3
CUST-0101,5,90116.75
CUST-0101,6,85435.16
CUST-0101,7,82882.31
CUST-0101,8,79271.01
CUST-0101,9,75914.77
CUST-0101,10,73832.75
CUST-0101,11,68965.86
CUST-0101,12,65515.52
CUST-0101,13,60529.05
CUST-0101,14,57596.09
CUST-0101,15,52880.31
CUST-0101,16,47991.91
CUST-0101,17,44228.07
CUST-0101,18,41553.72
CUST-0101,19,37394.84
CUST-0101,20,33655.16
CUST-0101,21,28698.66
CUST-0101,22,25296.47
CUST-0101,23,22419.58
CUST-0101,24,19943.31
CUST-0101,25,15743.25
CUST-0101,26,10695.75
CUST-0101,27,8557.69
CUST-0101,28,4229.01
CUST-0101,29,-673.36
CUST-0101,30,0.0
CUST-0102,1,509.7
CUST-0102,2,0.0
CUST-0102,3,0.0
CUST-0102,4,0.0
CUST-0102,5,21058.31
CUST-0102,6,19812.94
CUST-0102,7,18590.68
CUST-0102,8,17420.24
CUST-0102,9,16484.5
CUST-0102,10,15757.81
CUST-0102,11,14829.92
CUST-0102,12,14222.63
CUST-0102,13,13173.78
CUST-0102,14,12540.24
CUST-0102,15,11608.24
CUST-0102,16,11037.69
CUST-0102,17,10273.17
CUST-0102,18,9562.01
CUST-0102,19,8543.87
CUST-0102,20,7393.78
CUST-0102,21,6820.92
CUST-0102,22,5620.59
CUST-0102,23,4411.96
CUST-0102,24,3613.61
CUST-0102,25,2564.63
CUST-0102,26,1718.53
CUST-0102,27,1069.01
CUST-0102,28,123.17
CUST-0102,29,0.0
CUST-0102,30,0.0
CUST-0103,1,14566.13
CUST-0103,2,9138.97
CUST-0103,3,3733.57
CUST-0103,4,0.0
CUST-0103,5,0.0
CUST-0103,6,0.0
CUST-0103,7,84575.43
CUST-0103,8,80180.29
CUST-0103,9,75813.61
CUST-0103,10,72838.85
CUST-0103,11,67262.84
CUST-0103,12,63153.59
CUST-0103,13,59380.67
CUST-0103,14,56258.68
CUST-0103,15,51706.46
CUST-0103,16,44882.14
CUST-0103,17,40452.19
CUST-0103,18,34510.44
CUST-0103,19,28226.64
CUST-0103,20,23834.52
CUST-0103,21,17263.32
CUST-0103,22,11265.04
CUST-0103,23,5852.38
CUST-0103,24,2904.52
CUST-0103,25,0.0
CUST-0103,26,0.0
CUST-0103,27,0.0
CUST-0103,28,0.0
CUST-0103,29,0.0
CUST-0103,30,0.0
CUST-0104,1,105853.17
CUST-0104,2,102075.09
CUST-0104,3,100328.05
CUST-0104,4,97850.72
CUST-0104,5,94171.84
CUST-0104,6,90384.78
CUST-0104,7,87047.36
CUST-0104,8,84536.15
CUST-0104,9,82001.31
CUST-0104,10,77763.49
CUST-0104,11,74894.37
CUST-0104,12,72004.71
CUST-0104,13,68842.1
CUST-0104,14,66050.06
CUST-0104,15,62886.57
CUST-0104,16,60035.28
CUST-0104,17,56160.81
CUST-0104,18,52072.72
CUST-0104,19,47924.81
CUST-0104,20,44731.16
CUST-0104,21,41854.42
CUST-0104,22,38295.1
CUST-0104,23,34390.51
CUST-0104,24,31200.27
CUST-0104,25,27654.6
CUST-0104,26,23979.86
CUST-0104,27,20495.38
CUST-0104,28,16829.97
CUST-0104,29,14559.04
CUST-0104,30,11536.42
CUST-0105,1,3267.84
CUST-0105,2,2120.16
CUST-0105,3,1157.85
CUST-0105,4,558.02
CUST-0105,5,0.0
CUST-0105,6,0.0
CUST-0105,7,0.0
CUST-0105,8,0.0
CUST-0105,9,0.0
CUST-0105,10,15685.43
CUST-0105,11,14752.91
CUST-0105,12,14249.92
CUST-0105,13,13261.35
CUST-0105,14,12217.52
CUST-0105,15,11287.56
CUST-0105,16,10410.78
CUST-0105,17,9297.79
CUST-0105,18,8281.71
CUST-0105,19,13569.61
CUST-0105,20,12344.21
CUST-0105,21,11308.61
CUST-0105,22,10061.45
CUST-0105,23,8826.86
CUST-0105,24,7631.73
CUST-0105,25,6559.87
CUST-0105,26,5598.01
CUST-0105,27,4965.74
CUST-0105,28,4053.69
CUST-0105,29,2974.29
CUST-0105,30,2079.19
CUST-0106,1,2823.71
CUST-0106,2,2107.15
CUST-0106,3,1305.07
CUST-0106,4,553.36
CUST-0106,5,15023.09
CUST-0106,6,14462.07
CUST-0106,7,13433.14
CUST-0106,8,12645.82
CUST-0106,9,12156.5
CUST-0106,10,11689.22
CUST-0106,11,10909.36
CUST-0106,12,10340.93
CUST-0106,13,9402.62
CUST-0106,14,8402.62
CUST-0106,15,7790.46
CUST-0106,16,6929.41
CUST-0106,17,6367.77
CUST-0106,18,5704.12
CUST-0106,19,4640.19
CUST-0106,20,3812.02
CUST-0106,21,2750.08
CUST-0106,22,2140.01
CUST-0106,23,1458.27
CUST-0106,24,680.14
CUST-0106,25,0.0
CUST-0106,26,0.0
CUST-0106,27,0.0
CUST-0106,28,0.0
CUST-0106,29,0.0
CUST-0106,30,0.0
CUST-0107,1,97352.22
CUST-0107,2,94650.51
CUST-0107,3,90521.69
CUST-0107,4,87240.25
CUST-0107,5,82754.44
CUST-0107,6,79122.55
CUST-0107,7,75795.92
CUST-0107,8,71915.09
CUST-0107,9,68617.72
CUST-0107,10,64192.01
CUST-0107,11,61794.58
CUST-0107,12,57174.95
CUST-0107,13,53009.28
CUST-0107,14,48706.86
CUST-0107,15,45468.72
CUST-0107,16,41232.59
CUST-0107,17,38490.59
CUST-0107,18,34466.44
CUST-0107,19,32192.93
CUST-0107,20,29450.14
CUST-0107,21,26316.71
CUST-0107,22,23530.92
CUST-0107,23,20562.88
CUST-0107,24,16374.91
CUST-0107,25,13774.02
CUST-0107,26,9796.82
CUST-0107,27,7711.31
CUST-0107,28,3676.48
CUST-0107,29,0.0
CUST-0107,30,0.0
CUST-0108,1,1968.3
CUST-0108,2,1087.83
CUST-0108,3,453.53
CUST-0108,4,0.0
CUST-0108,5,0.0
CUST-0108,6,0.0
CUST-0108,7,0.0
CUST-0108,8,0.0
CUST-0108,9,0.0
CUST-0108,10,0.0
CUST-0108,11,-426.66
CUST-0108,12,0.0
CUST-0108,13,0.0
CUST-0108,14,0.0
CUST-0108,15,0.0
CUST-0108,16,0.0
CUST-0108,17,0.0
CUST-0108,18,0.0
CUST-0108,19,0.0
CUST-0108,20,0.0
CUST-0108,21,0.0
CUST-0108,22,0.0
CUST-0108,23,0.0
CUST-0108,24,0.0
CUST-0108,25,0.0
CUST-0108,26,0.0
CUST-0108,27,0.0
CUST-0108,28,14403.46
CUST-0108,29,13634.41
CUST-0108,30,12700.21
CUST-0109,1,39466.07
CUST-0109,2,38327.27
CUST-0109,3,37415.49
CUST-0109,4,36326.24
CUST-0109,5,34526.8
CUST-0109,6,33105.21
CUST-0109,7,32063.49
CUST-0109,8,30830.45
CUST-0109,9,29173.08
CUST-0109,10,27700.04
CUST-0109,11,26345.93
CUST-0109,12,24633.78
CUST-0109,13,23156.33
CUST-0109,14,21711.66
CUST-0109,15,20766.74
CUST-0109,16,19913.83
CUST-0109,17,18113.43
CUST-0109,18,16717.17
CUST-0109,19,15523.0
CUST-0109,20,14137.59
CUST-0109,21,13333.85
CUST-0109,22,11691.25
CUST-0109,23,10716.68
CUST-0109,24,9093.48
CUST-0109,25,7768.35
CUST-0109,26,6727.67
CUST-0109,27,5958.8
CUST-0109,28,4323.14
CUST-0109,29,3392.91
CUST-0109,30,2600.21
CUST-0110,1,10217.76
CUST-0110,2,8293.39
CUST-0110,3,6628.27
CUST-0110,4,3847.7
CUST-0110,5,2090.99
CUST-0110,6,493.07
CUST-0110,7,0.0
CUST-0110,8,-800.0
CUST-0110,9,0.0
CUST-0110,10,0.0
CUST-0110,11,0.0
CUST-0110,12,0.0
CUST-0110,13,0.0
CUST-0110,14,0.0
CUST-0110,15,0.0
CUST-0110,16,0.0
CUST-0110,17,0.0
CUST-0110,18,0.0
CUST-0110,19,0.0
CUST-0110,20,0.0
CUST-0110,21,0.0
CUST-0110,22,0.0
CUST-0110,23,0.0
CUST-0110,24,0.0
CUST-0110,25,0.0
CUST-0110,26,0.0
CUST-0110,27,0.0
CUST-0110,28,0.0
CUST-0110,29,0.0
CUST-0110,30,57184.55
CUST-0111,1,2716.93
CUST-0111,2,1734.61
CUST-0111,3,986.03
CUST-0111,4,0.0
CUST-0111,5,0.0
CUST-0111,6,0.0
CUST-0111,7,0.0
CUST-0111,8,0.0
CUST-0111,9,0.0
CUST-0111,10,0.0
CUST-0111,11,0.0
CUST-0111,12,0.0
CUST-0111,13,0.0
CUST-0111,14,0.0
CUST-0111,15,0.0
CUST-0111,16,0.0
CUST-0111,17,0.0
CUST-0111,18,0.0
CUST-0111,19,0.0
CUST-0111,20,0.0
CUST-0111,21,0.0
CUST-0111,22,0.0
CUST-0111,23,0.0
CUST-0111,24,0.0
CUST-0111,25,0.0
CUST-0111,26,0.0
CUST-0111,27,0.0
CUST-0111,28,0.0
CUST-0111,29,0.0
CUST-0111,30,33962.46
CUST-0112,1,31739.83
CUST-0112,2,29950.04
CUST-0112,3,27989.8
CUST-0112,4,26169.11
CUST-0112,5,24049.62
CUST-0112,6,22234.05
CUST-0112,7,20293.52
CUST-0112,8,18378.29
CUST-0112,9,16593.52
CUST-0112,10,14717.34
CUST-0112,11,12671.39
CUST-0112,12,11212.49
CUST-0112,13,9545.23
CUST-0112,14,8035.56
CUST-0112,15,6096.48
CUST-0112,16,4693.6
CUST-0112,17,2794.52
CUST-0112,18,921.48
CUST-0112,19,0.0
CUST-0112,20,0.0
CUST-0112,21,0.0
CUST-0112,22,0.0
CUST-0112,23,0.0
CUST-0112,24,0.0
CUST-0112,25,0.0
CUST-0112,26,0.0
CUST-0112,27,0.0
CUST-0112,28,0.0
CUST-0112,29,0.0
CUST-0112,30,0.0
CUST-0113,1,5001.54
CUST-0113,2,4324.13
CUST-0113,3,3663.88
CUST-0113,4,2488.52
CUST-0113,5,1579.95
CUST-0113,6,995.95
CUST-0113,7,0.0
CUST-0113,8,0.0
CUST-0113,9,0.0
CUST-0113,10,0.0
CUST-0113,11,0.0
CUST-0113,12,0.0
CUST-0113,13,0.0
CUST-0113,14,0.0
CUST-0113,15,0.0
CUST-0113,16,0.0
CUST-0113,17,0.0
CUST-0113,18,0.0
CUST-0113,19,0.0
CUST-0113,20,0.0
CUST-0113,21,0.0
CUST-0113,22,0.0
CUST-0113,23,0.0
CUST-0113,24,0.0
CUST-0113,25,0.0
CUST-0113,26,0.0
CUST-0113,27,0.0
CUST-0113,28,0.0
CUST-0113,29,0.0
CUST-0113,30,26974.68
CUST-0114,1,3064.55
CUST-0114,2,1172.62
CUST-0114,3,0.0
CUST-0114,4,0.0
CUST-0114,5,26304.29
CUST-0114,6,24958.53
CUST-0114,7,23365.05
CUST-0114,8,22499.32
CUST-0114,9,20843.59
CUST-0114,10,18951.0
CUST-0114,11,18077.46
CUST-0114,12,16330.97
CUST-0114,13,14471.91
CUST-0114,14,13434.26
CUST-0114,15,12049.56
CUST-0114,16,10196.45
CUST-0114,17,8305.73
CUST-0114,18,7382.32
CUST-0114,19,6201.94
CUST-0114,20,4615.8
CUST-0114,21,3583.53
CUST-0114,22,2431.31
CUST-0114,23,1629.46
CUST-0114,24,676.27
CUST-0114,25,0.0
CUST-0114,26,0.0
CUST-0114,27,0.0
CUST-0114,28,0.0
CUST-0114,29,0.0
CUST-0114,30,0.0
CUST-0115,1,488.58
CUST-0115,2,0.0
CUST-0115,3,0.0
CUST-0115,4,0.0
CUST-0115,5,0.0
CUST-0115,6,0.0
CUST-0115,7,42177.35
CUST-0115,8,38688.15
CUST-0115,9,35498.4
CUST-0115,10,32810.38
CUST-0115,11,31059.14
CUST-0115,12,28379.15
CUST-0115,13,26793.32
CUST-0115,14,24403.35
CUST-0115,15,22101.84
CUST-0115,16,19718.56
CUST-0115,17,17657.52
CUST-0115,18,14712.39
CUST-0115,19,11429.49
CUST-0115,20,8304.31
CUST-0115,21,5485.65
CUST-0115,22,2861.67
CUST-0115,23,1342.29
CUST-0115,24,0.0
CUST-0115,25,0.0
CUST-0115,26,0.0
CUST-0115,27,0.0
CUST-0115,28,0.0
CUST-0115,29,0.0
CUST-0115,30,0.0
CUST-0116,1,6853.02
CUST-0116,2,4551.62
CUST-0116,3,2614.34
CUST-0116,4,374.34
CUST-0116,5,0.0
CUST-0116,6,0.0
CUST-0116,7,0.0
CUST-0116,8,0.0
CUST-0116,9,-800.0
CUST-0116,10,0.0
CUST-0116,11,0.0
CUST-0116,12,0.0
CUST-0116,13,0.0
CUST-0116,14,9421.34
CUST-0116,15,6589.28
CUST-0116,16,13011.61
CUST-0116,17,11183.74
CUST-0116,18,24860.64
CUST-0116,19,22652.69
CUST-0116,20,20740.95
CUST-0116,21,18648.94
CUST-0116,22,16507.92
CUST-0116,23,13935.89
CUST-0116,24,12141.17
CUST-0116,25,24463.41
CUST-0116,26,22228.09
CUST-0116,27,19448.81
CUST-0116,28,17934.36
CUST-0116,29,15633.4
CUST-0116,30,14226.69
CUST-0117,1,17367.44
CUST-0117,2,16711.24
CUST-0117,3,16308.9
CUST-0117,4,15809.23
CUST-0117,5,15433.99
CUST-0117,6,14911.46
CUST-0117,7,14451.08
CUST-0117,8,14029.86
CUST-0117,9,13676.42
CUST-0117,10,13360.42
CUST-0117,11,13041.02
CUST-0117,12,12364.6
CUST-0117,13,11926.45
CUST-0117,14,11654.95
CUST-0117,15,10997.26
CUST-0117,16,10718.43
CUST-0117,17,10277.73
CUST-0117,18,9715.66
CUST-0117,19,9073.54
CUST-0117,20,8513.33
CUST-0117,21,8054.34
CUST-0117,22,7387.92
CUST-0117,23,7101.23
CUST-0117,24,6429.75
CUST-0117,25,5814.11
CUST-0117,26,5166.17
CUST-0117,27,4792.0
CUST-0117,28,4463.43
CUST-0117,29,3923.35
CUST-0117,30,3443.15
CUST-0118,1,3199.64
CUST-0118,2,1410.53
CUST-0118,3,51.08
CUST-0118,4,0.0
CUST-0118,5,0.0
CUST-0118,6,-800.0
CUST-0118,7,0.0
CUST-0118,8,0.0
CUST-0118,9,0.0
CUST-0118,10,0.0
CUST-0118,11,0.0
CUST-0118,12,0.0
CUST-0118,13,0.0
CUST-0118,14,0.0
CUST-0118,15,0.0
CUST-0118,16,0.0
CUST-0118,17,0.0
CUST-0118,18,0.0
CUST-0118,19,0.0
CUST-0118,20,0.0
CUST-0118,21,0.0
CUST-0118,22,0.0
CUST-0118,23,0.0
CUST-0118,24,0.0
CUST-0118,25,0.0
CUST-0118,26,0.0
CUST-0118,27,0.0
CUST-0118,28,32867.79
CUST-0118,29,31459.77
CUST-0118,30,29249.56
CUST-0119,1,1383.16
CUST-0119,2,227.64
CUST-0119,3,0.0
CUST-0119,4,0.0
CUST-0119,5,0.0
CUST-0119,6,0.0
CUST-0119,7,0.0
CUST-0119,8,0.0
CUST-0119,9,0.0
CUST-0119,10,0.0
CUST-0119,11,0.0
CUST-0119,12,0.0
CUST-0119,13,0.0
CUST-0119,14,0.0
CUST-0119,15,0.0
CUST-0119,16,0.0
CUST-0119,17,0.0
CUST-0119,18,0.0
CUST-0119,19,0.0
CUST-0119,20,0.0
CUST-0119,21,0.0
CUST-0119,22,0.0
CUST-0119,23,0.0
CUST-0119,24,0.0
CUST-0119,25,0.0
CUST-0119,26,0.0
CUST-0119,27,0.0
CUST-0119,28,0.0
CUST-0119,29,0.0
CUST-0119,30,27293.6
CUST-0120,1,66073.52
CUST-0120,2,62130.01
CUST-0120,3,60241.64
CUST-0120,4,57644.62
CUST-0120,5,55244.16
CUST-0120,6,53297.81
CUST-0120,7,49970.46
CUST-0120,8,47671.89
CUST-0120,9,45199.76
CUST-0120,10,43349.62
CUST-0120,11,40503.32
CUST-0120,16,27878.44
CUST-0120,17,24973.67
CUST-0120,18,22862.97
CUST-0120,19,21047.04
CUST-0120,20,18923.31
CUST-0120,21,17160.14
CUST-0120,22,15190.16
CUST-0120,23,12354.81
CUST-0120,24,9132.51
CUST-0120,25,7289.75
CUST-0120,26,4582.63
CUST-0120,27,1532.79
CUST-0120,28,0.0
CUST-0120,29,0.0
CUST-0120,30,0.0
CUST-0121,1,23388.08
CUST-0121,2,22393.17
CUST-0121,3,21394.76
CUST-0121,4,20406.35
CUST-0121,5,19752.07
CUST-0121,6,19303.37
CUST-0121,7,18708.84
CUST-0121,8,18165.86
CUST-0121,9,17757.12
CUST-0121,10,17299.68
CUST-0121,11,16627.33
CUST-0121,12,16023.14
CUST-0121,13,15514.6
CUST-0121,14,14684.4
CUST-0121,15,14069.73
CUST-0121,16,13158.02
CUST-0121,17,12613.08
CUST-0121,18,11889.57
CUST-0121,19,11378.75
CUST-0121,20,10681.12
CUST-0121,21,10189.32
CUST-0121,22,9692.05
CUST-0121,23,8924.22
CUST-0121,24,8365.58
CUST-0121,25,7861.84
CUST-0121,26,6903.35
CUST-0121,27,6477.27
CUST-0121,28,5737.71
CUST-0121,29,5008.27
CUST-0121,30,4457.55
CUST-0122,1,4844.19
CUST-0122,2,2119.94
CUST-0122,3,376.25
CUST-0122,4,-800.0
CUST-0122,5,0.0
CUST-0122,6,0.0
CUST-0122,7,-800.0
CUST-0122,8,0.0
CUST-0122,9,0.0
CUST-0122,10,0.0
CUST-0122,11,0.0
CUST-0122,12,0.0
CUST-0122,13,0.0
CUST-0122,14,0.0
CUST-0122,15,0.0
CUST-0122,16,0.0
CUST-0122,17,0.0
CUST-0122,18,0.0
CUST-0122,19,0.0
CUST-0122,20,0.0
CUST-0122,21,0.0
CUST-0122,22,0.0
CUST-0122,23,0.0
CUST-0122,24,0.0
CUST-0122,25,0.0
CUST-0122,26,0.0
CUST-0122,27,0.0
CUST-0122,28,0.0
CUST-0122,29,0.0
CUST-0122,30,43171.16
CUST-0123,1,1249.44
CUST-0123,2,0.0
CUST-0123,3,0.0
CUST-0123,4,0.0
CUST-0123,5,0.0
CUST-0123,6,0.0
CUST-0123,7,0.0
CUST-0123,8,0.0
CUST-0123,9,0.0
CUST-0123,10,0.0
CUST-0123,11,0.0
CUST-0123,12,0.0
CUST-0123,13,0.0
CUST-0123,14,0.0
CUST-0123,15,0.0
CUST-0123,16,0.0
CUST-0123,17,0.0
CUST-0123,18,0.0
CUST-0123,19,0.0
CUST-0123,20,0.0
CUST-0123,21,0.0
CUST-0123,22,0.0
CUST-0123,23,0.0
CUST-0123,24,0.0
CUST-0123,25,0.0
CUST-0123,26,0.0
CUST-0123,27,0.0
CUST-0123,28,20608.11
CUST-0123,29,19295.78
CUST-0123,30,18425.34
CUST-0124,1,3114.64
CUST-0124,2,12479.8
CUST-0124,3,11389.55
CUST-0124,4,10627.02
CUST-0124,5,9684.48
CUST-0124,6,8442.74
CUST-0124,7,7500.88
CUST-0124,8,6498.29
CUST-0124,9,5920.4
CUST-0124,10,5260.6
CUST-0124,11,4661.07
CUST-0124,12,3543.06
CUST-0124,13,2369.51
CUST-0124,14,1703.2
CUST-0124,15,1011.27
CUST-0124,16,238.16
CUST-0124,20,14608.98
CUST-0124,21,13857.87
CUST-0124,22,12822.69
CUST-0124,23,11864.85
CUST-0124,24,11105.31
CUST-0124,25,9875.92
CUST-0124,26,9280.66
CUST-0124,27,8203.9
CUST-0124,28,7114.73
CUST-0124,29,5879.16
CUST-0124,30,4953.46
CUST-0125,1,2253.03
CUST-0125,2,1011.17
CUST-0125,3,3.01
CUST-0125,4,0.0
CUST-0125,5,0.0
CUST-0125,6,0.0
CUST-0125,7,0.0
CUST-0125,8,0.0
CUST-0125,9,0.0
CUST-0125,10,13102.44
CUST-0125,11,11836.92
CUST-0125,12,10494.66
CUST-0125,13,9585.9
CUST-0125,14,8149.07
CUST-0125,15,7441.33
CUST-0125,16,6417.21
CUST-0125,17,5427.23
CUST-0125,18,4161.51
CUST-0125,19,19300.61
CUST-0125,20,18093.03
CUST-0125,21,16975.58
CUST-0125,22,16030.38
CUST-0125,23,15013.56
CUST-0125,24,13997.63
CUST-0125,25,13404.09
CUST-0125,26,12393.57
CUST-0125,27,11078.15
CUST-0125,28,9889.46
CUST-0125,29,8626.1
CUST-0125,30,7712.81
CUST-0126,1,31691.41
CUST-0126,2,30685.68
CUST-0126,3,29592.37
CUST-0126,4,28709.08
CUST-0126,5,28040.39
CUST-0126,6,26740.12
CUST-0126,7,25684.48
CUST-0126,8,24647.45
CUST-0126,9,23769.16
CUST-0126,10,22615.09
CUST-0126,11,21556.64
CUST-0126,12,20463.73
CUST-0126,13,19268.42
CUST-0126,14,18623.6
CUST-0126,15,17115.14
CUST-0126,16,16408.26
CUST-0126,17,15337.46
CUST-0126,18,14500.0
CUST-0126,19,13359.39
CUST-0126,20,12452.13
CUST-0126,21,10989.36
CUST-0126,22,9970.83
CUST-0126,23,8720.06
CUST-0126,24,7842.83
CUST-0126,25,7185.48
CUST-0126,26,6159.48
CUST-0126,27,5006.69
CUST-0126,28,3927.62
CUST-0126,29,2367.12
CUST-0126,30,1051.11
CUST-0127,1,54521.55
CUST-0127,2,51964.28
CUST-0127,3,49817.18
CUST-0127,4,47571.35
CUST-0127,5,44668.36
CUST-0127,6,42348.35
CUST-0127,7,39598.25
CUST-0127,8,37152.18
CUST-0127,9,35757.26
CUST-0127,10,33357.43
CUST-0127,11,31335.49
CUST-0127,12,28550.29
CUST-0127,13,25961.77
CUST-0127,14,24607.7
CUST-0127,15,23201.31
CUST-0127,16,21907.88
CUST-0127,17,19870.25
CUST-0127,18,18557.22
CUST-0127,19,16114.79
CUST-0127,20,13973.32
CUST-0127,21,11333.77
CUST-0127,22,9671.11
CUST-0127,23,7587.99
CUST-0127,24,6210.47
CUST-0127,25,3485.33
CUST-0127,26,2006.75
CUST-0127,27,655.79
CUST-0127,28,0.0
CUST-0127,29,0.0
CUST-0127,30,0.0
CUST-0128,1,1964.88
CUST-0128,2,1334.29
CUST-0128,3,953.23
CUST-0128,4,629.31
CUST-0128,5,133.17
CUST-0128,6,0.0
CUST-0128,7,14392.46
CUST-0128,8,13937.29
CUST-0128,9,13440.9
CUST-0128,10,13093.91
CUST-0128,11,12544.95
CUST-0128,12,12165.92
CUST-0128,13,11567.4
CUST-0128,14,11239.22
CUST-0128,15,10508.64
CUST-0128,16,9907.66
CUST-0128,17,9530.31
CUST-0128,18,9227.52
CUST-0128,19,8782.24
CUST-0128,20,8417.75
CUST-0128,21,8024.09
CUST-0128,22,7339.38
CUST-0128,23,6774.57
CUST-0128,24,6399.57
CUST-0128,25,5855.46
CUST-0128,26,5445.17
CUST-0128,27,4714.45
CUST-0128,28,4403.36
CUST-0128,29,3781.12
CUST-0128,30,3140.79
CUST-0129,1,3332.96
CUST-0129,2,355.06
CUST-0129,3,0.0
CUST-0129,4,0.0
CUST-0129,5,86254.23
CUST-0129,6,82146.6
CUST-0129,7,77911.16
CUST-0129,8,74672.65
CUST-0129,13,58525.4
CUST-0129,14,56081.71
CUST-0129,15,51925.39
CUST-0129,16,49072.3
CUST-0129,17,46758.77
CUST-0129,18,44340.63
CUST-0129,19,40947.76
CUST-0129,20,36661.15
CUST-0129,21,34571.99
CUST-0129,22,32596.64
CUST-0129,23,29389.62
CUST-0129,24,24791.31
CUST-0129,25,22111.77
CUST-0129,26,17505.01
CUST-0129,27,13100.81
CUST-0129,28,10409.57
CUST-0129,29,6205.8
CUST-0129,30,2373.43
CUST-0130,1,3121.13
CUST-0130,2,1563.47
CUST-0130,3,29.38
CUST-0130,4,0.0
CUST-0130,5,0.0
CUST-0130,6,0.0
CUST-0130,7,0.0
CUST-0130,8,0.0
CUST-0130,9,0.0
CUST-0130,10,0.0
CUST-0130,11,0.0
CUST-0130,12,0.0
CUST-0130,13,0.0
CUST-0130,14,0.0
CUST-0130,15,0.0
CUST-0130,16,0.0
CUST-0130,17,0.0
CUST-0130,18,0.0
CUST-0130,19,0.0
CUST-0130,20,0.0
CUST-0130,21,0.0
CUST-0130,22,0.0
CUST-0130,23,0.0
CUST-0130,24,0.0
CUST-0130,25,0.0
CUST-0130,26,0.0
CUST-0130,27,0.0
CUST-0130,28,0.0
CUST-0130,29,0.0
CUST-0130,30,26875.89
CUST-0131,1,97293.04
CUST-0131,2,92312.54
CUST-0131,3,86688.48
CUST-0131,4,81962.27
CUST-0131,5,76231.11
CUST-0131,6,69323.22
CUST-0131,7,65101.37
CUST-0131,8,62283.03
CUST-0131,9,58993.89
CUST-0131,10,53928.39
CUST-0131,11,49731.61
CUST-0131,12,43061.72
CUST-0131,13,37689.3
CUST-0131,14,32761.46
CUST-0131,15,26680.84
CUST-0131,16,22839.7
CUST-0131,17,16668.99
CUST-0131,18,13888.67
CUST-0131,19,8548.5
CUST-0131,20,1900.3
CUST-0131,21,0.0
CUST-0131,22,0.0
CUST-0131,23,0.0
CUST-0131,24,0.0
CUST-0131,25,0.0
CUST-0131,26,0.0
CUST-0131,27,0.0
CUST-0131,28,0.0
CUST-0131,29,0.0
CUST-0131,30,-800.0
CUST-0132,1,3489.4
CUST-0132,2,2528.14
CUST-0132,3,2062.7
CUST-0132,4,1089.71
CUST-0132,5,644.95
CUST-0132,6,14454.01
CUST-0132,7,13541.27
CUST-0132,8,13094.89
CUST-0132,9,12680.04
CUST-0132,10,12261.13
CUST-0132,11,11547.66
CUST-0132,12,10652.27
CUST-0132,13,10171.29
CUST-0132,14,9692.01
CUST-0132,15,8943.85
CUST-0132,16,8398.13
CUST-0132,17,7552.04
CUST-0132,18,14273.05
CUST-0132,19,13405.26
CUST-0132,20,12470.16
CUST-0132,21,11751.64
CUST-0132,22,10843.71
CUST-0132,23,10329.12
CUST-0132,24,9883.92
CUST-0132,25,9082.81
CUST-0132,26,8647.55
CUST-0132,27,7703.17
CUST-0132,28,6880.5
CUST-0132,29,5899.95
CUST-0132,30,5306.03
CUST-0133,1,3800.66
CUST-0133,2,2927.32
CUST-0133,3,1766.78
CUST-0133,4,493.3
CUST-0133,5,0.0
CUST-0133,6,0.0
CUST-0133,7,-753.64
CUST-0133,8,0.0
CUST-0133,9,-800.0
CUST-0133,10,0.0
CUST-0133,11,0.0
CUST-0133,12,0.0
CUST-0133,13,0.0
CUST-0133,14,0.0
CUST-0133,15,0.0
CUST-0133,16,0.0
CUST-0133,17,0.0
CUST-0133,18,0.0
CUST-0133,19,0.0
CUST-0133,20,-800.0
CUST-0133,21,0.0
CUST-0133,22,0.0
CUST-0133,23,0.0
CUST-0133,24,0.0
CUST-0133,25,0.0
CUST-0133,26,0.0
CUST-0133,27,0.0
CUST-0133,28,0.0
CUST-0133,29,0.0
CUST-0133,30,26668.25
CUST-0134,1,1909.3
CUST-0134,2,944.43
CUST-0134,3,142.76
CUST-0134,4,0.0
CUST-0134,5,0.0
CUST-0134,6,0.0
CUST-0134,7,0.0
CUST-0134,8,0.0
CUST-0134,9,0.0
CUST-0134,10,0.0
CUST-0134,11,0.0
CUST-0134,12,0.0
CUST-0134,13,0.0
CUST-0134,14,0.0
CUST-0134,15,0.0
CUST-0134,16,0.0
CUST-0134,17,0.0
CUST-0134,18,0.0
CUST-0134,19,0.0
CUST-0134,20,0.0
CUST-0134,21,0.0
CUST-0134,22,0.0
CUST-0134,23,0.0
CUST-0134,24,0.0
CUST-0134,25,0.0
CUST-0134,26,0.0
CUST-0134,27,0.0
CUST-0134,28,0.0
CUST-0134,29,0.0
CUST-0134,30,14203.93
CUST-0135,1,3032.23
CUST-0135,2,1743.69
CUST-0135,3,842.79
CUST-0135,4,0.0
CUST-0135,5,33947.3
CUST-0135,6,33088.37
CUST-0135,7,32278.39
CUST-0135,8,31369.01
CUST-0135,9,30668.01
CUST-0135,10,29686.91
CUST-0135,11,28108.14
CUST-0135,12,26600.42
CUST-0135,13,25555.03
CUST-0135,14,24304.49
CUST-0135,15,23062.48
CUST-0135,16,21557.4
CUST-0135,17,20648.6
CUST-0135,18,19679.31
CUST-0135,19,18704.59
CUST-0135,20,17992.48
CUST-0135,21,17004.78
CUST-0135,22,15450.2
CUST-0135,23,13861.33
CUST-0135,24,13080.01
CUST-0135,25,11948.01
CUST-0135,26,10893.21
CUST-0135,27,9729.71
CUST-0135,28,8500.42
CUST-0135,29,7809.05
CUST-0135,30,6290.38
CUST-0136,1,5189.97
CUST-0136,2,4256.66
CUST-0136,3,9516.51
CUST-0136,4,8812.59
CUST-0136,5,14738.98
CUST-0136,6,13859.39
CUST-0136,7,13358.94
CUST-0136,8,12310.27
CUST-0136,9,11545.41
CUST-0136,10,10784.89
CUST-0136,11,10085.97
CUST-0136,12,8935.42
CUST-0136,13,8343.57
CUST-0136,14,7768.32
CUST-0136,15,7183.07
CUST-0136,16,6251.11
CUST-0136,17,5084.71
CUST-0136,21,1755.29
CUST-0136,22,1257.96
CUST-0136,23,440.55
CUST-0136,24,0.0
CUST-0136,25,0.0
CUST-0136,26,0.0
CUST-0136,27,11348.51
CUST-0136,28,10197.41
CUST-0136,29,9405.64
CUST-0136,30,8489.58
CUST-0137,1,5929.87
CUST-0137,2,3648.72
CUST-0137,3,2238.02
CUST-0137,4,88.9
CUST-0137,5,0.0
CUST-0137,6,0.0
CUST-0137,7,33211.74
CUST-0137,8,31436.44
CUST-0137,9,29176.18
CUST-0137,10,26698.85
CUST-0137,11,25545.88
CUST-0137,12,24148.31
CUST-0137,13,22622.3
CUST-0137,14,20915.53
CUST-0137,15,19186.44
CUST-0137,16,16917.59
CUST-0137,17,14776.32
CUST-0137,18,13755.0
CUST-0137,19,12083.84
CUST-0137,20,10169.75
CUST-0137,21,8490.59
CUST-0137,22,7302.71
CUST-0137,23,5717.28
CUST-0137,24,4110.74
CUST-0137,25,2837.83
CUST-0137,26,717.79
CUST-0137,27,0.0
CUST-0137,28,0.0
CUST-0137,29,0.0
CUST-0137,30,0.0
CUST-0138,1,1970.93
CUST-0138,2,265.6
CUST-0138,3,0.0
CUST-0138,4,0.0
CUST-0138,5,0.0
CUST-0138,6,0.0
CUST-0138,7,43674.8
CUST-0138,8,41769.34
CUST-0138,9,39229.75
CUST-0138,10,36554.04
CUST-0138,11,34085.05
CUST-0138,12,31925.49
CUST-0138,13,29472.64
CUST-0138,14,27095.27
CUST-0138,15,25506.26
CUST-0138,16,23359.27
CUST-0138,17,20824.56
CUST-0138,18,19089.6
CUST-0138,19,16760.58
CUST-0138,20,14735.77
CUST-0138,21,12672.72
CUST-0138,22,11338.21
CUST-0138,23,8987.6
CUST-0138,24,6285.22
CUST-0138,25,4860.1
CUST-0138,26,3038.75
CUST-0138,27,1777.22
CUST-0138,28,549.27
CUST-0138,29,0.0
CUST-0138,30,0.0
CUST-0139,1,5595.85
CUST-0139,2,2674.51
CUST-0139,3,1044.28
CUST-0139,4,0.0
CUST-0139,5,-800.0
CUST-0139,6,0.0
CUST-0139,7,0.0
CUST-0139,8,0.0
CUST-0139,9,0.0
CUST-0139,10,0.0
CUST-0139,11,0.0
CUST-0139,12,0.0
CUST-0139,13,0.0
CUST-0139,14,0.0
CUST-0139,18,0.0
CUST-0139,19,0.0
CUST-0139,20,0.0
CUST-0139,21,0.0
CUST-0139,22,0.0
CUST-0139,23,0.0
CUST-0139,24,0.0
CUST-0139,25,0.0
CUST-0139,26,0.0
CUST-0139,27,0.0
CUST-0139,28,0.0
CUST-0139,29,0.0
CUST-0139,30,57311.67
CUST-0140,1,18622.02
CUST-0140,2,17420.57
CUST-0140,3,15558.32
CUST-0140,4,14362.9
CUST-0140,5,12196.67
CUST-0140,6,9848.88
CUST-0140,7,7405.62
CUST-0140,8,4750.66
CUST-0140,9,2593.92
CUST-0140,10,280.84
CUST-0140,11,0.0
CUST-0140,12,0.0
CUST-0140,13,0.0
CUST-0140,14,0.0
CUST-0140,15,0.0
CUST-0140,16,0.0
CUST-0140,17,0.0
CUST-0140,18,0.0
CUST-0140,19,9585.45
CUST-0140,20,6935.68
CUST-0140,21,5161.42
CUST-0140,22,3794.44
CUST-0140,23,2186.36
CUST-0140,24,472.09
CUST-0140,25,0.0
CUST-0140,26,0.0
CUST-0140,27,3336.45
CUST-0140,28,5412.45
CUST-0140,29,3210.75
CUST-0140,30,1618.2
CUST-0141,1,41364.64
CUST-0141,2,40153.7
CUST-0141,3,37584.84
CUST-0141,4,35186.91
CUST-0141,5,33666.97
CUST-0141,6,31565.05
CUST-0141,7,29789.19
CUST-0141,8,28238.72
CUST-0141,9,26745.2
CUST-0141,10,25487.82
CUST-0141,11,23583.04
CUST-0141,12,21839.17
CUST-0141,13,19992.56
CUST-0141,14,18610.91
CUST-0141,15,16096.33
CUST-0141,16,14051.71
CUST-0141,17,11598.23
CUST-0141,18,10382.76
CUST-0141,19,8362.79
CUST-0141,20,5987.85
CUST-0141,21,4425.18
CUST-0141,22,3075.2
CUST-0141,23,1615.76
CUST-0141,24,143.92
CUST-0141,25,0.0
CUST-0141,26,0.0
CUST-0141,27,0.0
CUST-0141,28,0.0
CUST-0141,29,0.0
CUST-0141,30,0.0
CUST-0142,1,9699.61
CUST-0142,2,8037.79
CUST-0142,3,6413.91
CUST-0142,4,5163.99
CUST-0142,5,3028.79
CUST-0142,6,1707.67
CUST-0142,7,0.0
CUST-0142,8,0.0
CUST-0142,9,0.0
CUST-0142,10,0.0
CUST-0142,11,0.0
CUST-0142,12,0.0
CUST-0142,13,0.0
CUST-0142,14,0.0
CUST-0142,15,0.0
CUST-0142,16,0.0
CUST-0142,17,0.0
CUST-0142,18,0.0
CUST-0142,19,0.0
CUST-0142,20,0.0
CUST-0142,21,0.0
CUST-0142,22,0.0
CUST-0142,23,0.0
CUST-0142,24,0.0
CUST-0142,25,0.0
CUST-0142,26,0.0
CUST-0142,27,0.0
CUST-0142,28,0.0
CUST-0142,29,0.0
CUST-0142,30,58114.6
CUST-0143,1,5111.52
CUST-0143,2,4070.37
CUST-0143,3,2841.05
CUST-0143,4,1954.79
CUST-0143,5,757.35
CUST-0143,6,0.0
CUST-0143,7,0.0
CUST-0143,8,0.0
CUST-0143,9,0.0
CUST-0143,10,0.0
CUST-0143,11,0.0
CUST-0143,12,0.0
CUST-0143,13,0.0
CUST-0143,14,0.0
CUST-0143,15,0.0
CUST-0143,16,0.0
CUST-0143,17,0.0
CUST-0143,18,0.0
CUST-0143,19,0.0
CUST-0143,20,0.0
CUST-0143,21,0.0
CUST-0143,22,0.0
CUST-0143,23,0.0
CUST-0143,24,0.0
CUST-0143,25,0.0
CUST-0143,26,-800.0
CUST-0143,27,0.0
CUST-0143,28,26652.28
CUST-0143,29,25205.66
CUST-0143,30,23700.42
CUST-0144,1,4156.73
CUST-0144,2,3084.11
CUST-0144,3,2110.01
CUST-0144,4,1105.71
CUST-0144,5,332.83
CUST-0144,6,0.0
CUST-0144,7,0.0
CUST-0144,8,0.0
CUST-0144,9,0.0
CUST-0144,10,0.0
CUST-0144,11,0.0
CUST-0144,12,0.0
CUST-0144,13,0.0
CUST-0144,14,0.0
CUST-0144,15,0.0
CUST-0144,16,0.0
CUST-0144,17,0.0
CUST-0144,18,-800.0
CUST-0144,19,0.0
CUST-0144,20,0.0
CUST-0144,21,0.0
CUST-0144,22,0.0
CUST-0144,23,0.0
CUST-0144,24,0.0
CUST-0144,25,0.0
CUST-0144,26,0.0
CUST-0144,27,0.0
CUST-0144,28,0.0
CUST-0144,29,0.0
CUST-0144,30,26960.53
CUST-0145,1,1189.01
CUST-0145,2,82.65
CUST-0145,3,0.0
CUST-0145,4,0.0
CUST-0145,5,0.0
CUST-0145,6,0.0
CUST-0145,7,0.0
CUST-0145,8,-800.0
CUST-0145,9,11470.39
CUST-0145,10,10510.64
CUST-0145,11,21633.14
CUST-0145,12,20049.29
CUST-0145,13,19005.74
CUST-0145,14,18197.0
CUST-0145,15,17426.77
CUST-0145,16,16210.96
CUST-0145,17,14804.59
CUST-0145,18,13122.42
CUST-0145,19,12270.72
CUST-0145,20,11324.95
CUST-0145,21,10014.24
CUST-0145,22,8885.05
CUST-0145,23,7626.12
CUST-0145,24,5883.44
CUST-0145,25,4556.2
CUST-0145,26,3371.12
CUST-0145,27,1556.89
CUST-0145,28,755.13
CUST-0145,29,0.0
CUST-0145,30,0.0
CUST-0146,1,66265.75
CUST-0146,2,64211.84
CUST-0146,3,62278.5
CUST-0146,4,60635.44
CUST-0146,5,58316.5
CUST-0146,6,56153.56
CUST-0146,7,54612.22
CUST-0146,8,52204.75
CUST-0146,9,49911.58
CUST-0146,10,48050.1
CUST-0146,11,46876.06
CUST-0146,12,44928.42
CUST-0146,13,43751.48
CUST-0146,14,42453.93
CUST-0146,15,40534.23
CUST-0146,16,39224.57
CUST-0146,17,37575.95
CUST-0146,18,35262.82
CUST-0146,19,33556.56
CUST-0146,20,30644.82
CUST-0146,21,27875.4
CUST-0146,22,25685.06
CUST-0146,23,22827.03
CUST-0146,24,20142.09
CUST-0146,25,18417.83
CUST-0146,26,15940.07
CUST-0146,27,14534.34
CUST-0146,28,12170.37
CUST-0146,29,10144.88
CUST-0146,30,8949.1
CUST-0147,1,2403.68
CUST-0147,2,1332.06
CUST-0147,3,407.01
CUST-0147,4,0.0
CUST-0147,5,0.0
CUST-0147,6,0.0
CUST-0147,7,0.0
CUST-0147,8,0.0
CUST-0147,9,0.0
CUST-0147,10,0.0
CUST-0147,11,0.0
CUST-0147,12,12384.18
CUST-0147,13,10861.16
CUST-0147,14,9688.36
CUST-0147,15,8312.57
CUST-0147,16,21409.61
CUST-0147,17,20050.93
CUST-0147,18,18759.35
CUST-0147,19,17289.47
CUST-0147,20,21808.57
CUST-0147,21,20055.49
CUST-0147,22,18861.5
CUST-0147,23,18117.0
CUST-0147,24,17132.04
CUST-0147,25,21558.89
CUST-0147,26,20242.14
CUST-0147,27,18912.51
CUST-0147,28,17406.0
CUST-0147,29,16379.3
CUST-0147,30,14926.94
CUST-0148,1,3321.6
CUST-0148,2,2452.86
CUST-0148,3,1765.57
CUST-0148,4,887.23
CUST-0148,5,0.0
CUST-0148,6,0.0
CUST-0148,7,0.0
CUST-0148,8,0.0
CUST-0148,9,0.0
CUST-0148,10,0.0
CUST-0148,11,0.0
CUST-0148,12,0.0
CUST-0148,13,0.0
CUST-0148,14,0.0
CUST-0148,15,0.0
CUST-0148,16,0.0
CUST-0148,17,0.0
CUST-0148,18,0.0
CUST-0148,19,0.0
CUST-0148,20,0.0
CUST-0148,21,0.0
CUST-0148,22,0.0
CUST-0148,23,0.0
CUST-0148,24,0.0
CUST-0148,25,0.0
CUST-0148,26,0.0
CUST-0148,27,0.0
CUST-0148,28,0.0
CUST-0148,29,0.0
CUST-0148,30,21356.28
CUST-0149,1,60215.6
CUST-0149,2,57541.77
CUST-0149,3,54472.24
CUST-0149,4,52839.31
CUST-0149,5,50601.77
CUST-0149,6,47827.7
CUST-0149,7,44152.3
CUST-0149,8,41931.98
CUST-0149,9,38519.36
CUST-0149,10,35374.14
CUST-0149,11,33523.43
CUST-0149,12,31251.19
CUST-0149,13,29110.33
CUST-0149,14,26485.06
CUST-0149,15,23403.46
CUST-0149,16,20799.75
CUST-0149,17,18643.1
CUST-0149,18,15418.2
CUST-0149,19,12456.98
CUST-0149,20,9649.98
CUST-0149,21,6759.89
CUST-0149,22,4656.81
CUST-0149,23,1468.47
CUST-0149,24,0.0
CUST-0149,25,0.0
CUST-0149,26,0.0
CUST-0149,27,0.0
CUST-0149,28,0.0
CUST-0149,29,0.0
CUST-0149,30,0.0
CUST-0150,1,53642.25
CUST-0150,2,51506.14
CUST-0150,3,49842.53
CUST-0150,4,47228.48
CUST-0150,5,45829.69
CUST-0150,6,44343.83
CUST-0150,7,42604.49
CUST-0150,8,41137.16
CUST-0150,9,39005.83
CUST-0150,10,37205.63
CUST-0150,11,35813.34
CUST-0150,12,33973.19
CUST-0150,13,31533.15
CUST-0150,14,29244.32
CUST-0150,15,27416.0
CUST-0150,16,25917.65
CUST-0150,17,24589.66
CUST-0150,18,22165.94
CUST-0150,19,20006.1
CUST-0150,20,18062.75
CUST-0150,21,15637.38
CUST-0150,22,14400.68
CUST-0150,23,12284.26
CUST-0150,24,10898.5
CUST-0150,25,9663.55
CUST-0150,26,7887.35
CUST-0150,27,6233.85
CUST-0150,28,3711.63
CUST-0150,29,2157.61
CUST-0150,30,0.0
CUST-0151,1,69466.55
CUST-0151,2,66470.56
CUST-0151,3,64442.01
CUST-0151,4,62447.9
CUST-0151,5,60885.57
CUST-0151,6,59106.5
CUST-0151,7,56187.21
CUST-0151,8,54033.19
CUST-0151,9,52130.3
CUST-0151,10,50463.84
CUST-0151,11,48289.85
CUST-0151,12,45678.47
CUST-0151,13,43878.77
CUST-0151,14,41189.89
CUST-0151,15,38742.5
CUST-0151,16,35997.28
CUST-0151,17,34265.13
CUST-0151,18,31815.4
CUST-0151,19,30266.69
CUST-0151,20,28321.43
CUST-0151,21,25695.52
CUST-0151,22,23244.59
CUST-0151,23,21631.46
CUST-0151,24,18752.62
CUST-0151,25,17393.41
CUST-0151,26,15011.29
CUST-0151,27,11895.58
CUST-0151,28,9633.73
CUST-0151,29,6863.76
CUST-0151,30,4481.71
CUST-0152,1,5980.42
CUST-0152,2,4695.59
CUST-0152,3,3849.18
CUST-0152,4,2516.38
CUST-0152,5,1660.42
CUST-0152,6,101.64
CUST-0152,7,34255.25
CUST-0152,8,33400.45
CUST-0152,9,31957.08
CUST-0152,10,31096.31
CUST-0152,11,30123.96
CUST-0152,12,28816.89
CUST-0152,13,28035.83
CUST-0152,14,27254.47
CUST-0152,15,26163.4
CUST-0152,16,25301.96
CUST-0152,17,24448.13
CUST-0152,18,23808.55
CUST-0152,19,22827.17
CUST-0152,20,21895.18
CUST-0152,21,21234.86
CUST-0152,22,20016.17
CUST-0152,23,18792.35
CUST-0152,24,18094.51
CUST-0152,25,17163.67
CUST-0152,26,15706.93
CUST-0152,27,14525.21
CUST-0152,28,13504.53
CUST-0152,29,12433.59
CUST-0152,30,11605.66
CUST-0153,1,40228.42
CUST-0153,2,38028.33
CUST-0153,3,36786.1
CUST-0153,4,35422.79
CUST-0153,5,34268.87
CUST-0153,6,32910.5
CUST-0153,7,31516.42
CUST-0153,8,29703.47
CUST-0153,9,28509.07
CUST-0153,10,26296.79
CUST-0153,11,25223.11
CUST-0153,12,24283.63
CUST-0153,13,22161.26
CUST-0153,14,20249.75
CUST-0153,15,18824.2
CUST-0153,16,17063.71
CUST-0153,17,15822.03
CUST-0153,18,14657.27
CUST-0153,19,13070.22
CUST-0153,20,11647.71
CUST-0153,21,9859.7
CUST-0153,22,8625.54
CUST-0153,23,6770.99
CUST-0153,24,4771.48
CUST-0153,25,3609.17
CUST-0153,26,2618.12
CUST-0153,27,1075.09
CUST-0153,28,0.0
CUST-0153,29,0.0
CUST-0153,30,-800.0
CUST-0154,1,30963.16
CUST-0154,2,30042.36
CUST-0154,3,29373.12
CUST-0154,4,28302.92
CUST-0154,5,27639.36
CUST-0154,6,26903.36
CUST-0154,7,26001.94
CUST-0154,8,25115.77
CUST-0154,9,24141.9
CUST-0154,10,23293.58
CUST-0154,11,22074.9
CUST-0154,12,20917.33
CUST-0154,13,19729.66
CUST-0154,14,18733.77
CUST-0154,15,17733.65
CUST-0154,16,16753.37
CUST-0154,17,15907.01
CUST-0154,18,15147.31
CUST-0154,19,14180.23
CUST-0154,20,13648.4
CUST-0154,21,13130.45
CUST-0154,22,11963.89
CUST-0154,23,11416.0
CUST-0154,24,10500.56
CUST-0154,25,9515.83
CUST-0154,26,8851.35
CUST-0154,27,7650.91
CUST-0154,28,6992.63
CUST-0154,29,5800.81
CUST-0154,30,4702.37
CUST-0155,1,29628.54
CUST-0155,2,28282.26
CUST-0155,3,26824.04
CUST-0155,4,25574.25
CUST-0155,5,23292.92
CUST-0155,6,22065.22
CUST-0155,7,20014.35
CUST-0155,8,18883.26
CUST-0155,9,16627.47
CUST-0155,10,15405.43
CUST-0155,11,13914.7
CUST-0155,12,12236.49
CUST-0155,13,11158.59
CUST-0155,14,9126.65
CUST-0155,15,7837.27
CUST-0155,16,6171.79
CUST-0155,17,4505.81
CUST-0155,18,2767.22
CUST-0155,19,1778.09
CUST-0155,20,633.99
CUST-0155,21,0.0
CUST-0155,22,0.0
CUST-0155,23,0.0
CUST-0155,24,0.0
CUST-0155,25,0.0
CUST-0155,26,0.0
CUST-0155,27,0.0
CUST-0155,28,0.0
CUST-0155,29,0.0
CUST-0155,30,0.0
CUST-0156,1,7312.8
CUST-0156,2,3780.33
CUST-0156,3,0.0
CUST-0156,4,0.0
CUST-0156,5,0.0
CUST-0156,6,0.0
CUST-0156,7,0.0
CUST-0156,8,0.0
CUST-0156,9,0.0
CUST-0156,10,0.0
CUST-0156,11,0.0
CUST-0156,12,0.0
CUST-0156,13,0.0
CUST-0156,14,0.0
CUST-0156,15,0.0
CUST-0156,16,0.0
CUST-0156,17,0.0
CUST-0156,18,0.0
CUST-0156,19,0.0
CUST-0156,20,0.0
CUST-0156,21,0.0
CUST-0156,22,0.0
CUST-0156,23,0.0
CUST-0156,24,0.0
CUST-0156,25,0.0
CUST-0156,26,0.0
CUST-0156,27,0.0
CUST-0156,28,0.0
CUST-0156,29,0.0
CUST-0156,30,87103.82
CUST-0157,1,1223.34
CUST-0157,2,0.0
CUST-0157,3,0.0
CUST-0157,4,0.0
CUST-0157,5,0.0
CUST-0157,6,0.0
CUST-0157,7,0.0
CUST-0157,8,-800.0
CUST-0157,9,0.0
CUST-0157,10,0.0
CUST-0157,11,0.0
CUST-0157,12,0.0
CUST-0157,13,0.0
CUST-0157,14,0.0
CUST-0157,15,0.0
CUST-0157,16,0.0
CUST-0157,17,0.0
CUST-0157,18,0.0
CUST-0157,19,0.0
CUST-0157,20,0.0
CUST-0157,21,0.0
CUST-0157,22,0.0
CUST-0157,23,0.0
CUST-0157,24,0.0
CUST-0157,25,0.0
CUST-0157,26,0.0
CUST-0157,27,0.0
CUST-0157,28,0.0
CUST-0157,29,0.0
CUST-0157,30,87449.5
CUST-0158,1,3380.49
CUST-0158,2,981.27
CUST-0158,3,0.0
CUST-0158,4,0.0
CUST-0158,5,43161.45
CUST-0158,6,40057.43
CUST-0158,7,37408.47
CUST-0158,8,34879.86
CUST-0158,9,32852.98
CUST-0158,10,29570.76
CUST-0158,11,27518.79
CUST-0158,12,24430.86
CUST-0158,13,21217.57
CUST-0158,14,18852.7
CUST-0158,15,15642.73
CUST-0158,16,13702.57
CUST-0158,17,10977.62
CUST-0158,18,9425.79
CUST-0158,19,7080.25
CUST-0158,20,5262.39
CUST-0158,21,3762.38
CUST-0158,22,2383.78
CUST-0158,23,345.02
CUST-0158,24,0.0
CUST-0158,25,0.0
CUST-0158,26,0.0
CUST-0158,27,0.0
CUST-0158,28,0.0
CUST-0158,29,-800.0
CUST-0158,30,0.0
CUST-0159,1,6466.51
CUST-0159,2,5176.13
CUST-0159,3,3411.2
CUST-0159,4,2423.39
CUST-0159,5,1176.18
CUST-0159,6,0.0
CUST-0159,7,0.0
CUST-0159,8,0.0
CUST-0159,9,0.0
CUST-0159,10,0.0
CUST-0159,11,0.0
CUST-0159,12,0.0
CUST-0159,13,5161.91
CUST-0159,14,3699.36
CUST-0159,15,2206.69
CUST-0159,16,10452.17
CUST-0159,17,9138.64
CUST-0159,18,8301.89
CUST-0159,19,6627.39
CUST-0159,20,5726.83
CUST-0159,21,3812.15
CUST-0159,22,2951.11
CUST-0159,23,18955.75
CUST-0159,24,17005.16
CUST-0159,25,15457.32
CUST-0159,26,26164.6
CUST-0159,27,24480.45
CUST-0159,28,23494.81
CUST-0159,29,21819.01
CUST-0159,30,19886.61
CUST-0160,1,8741.94
CUST-0160,2,6668.02
CUST-0160,3,3755.63
CUST-0160,4,16574.85
CUST-0160,5,14679.78
CUST-0160,6,12959.34
CUST-0160,7,11242.86
CUST-0160,8,8933.74
CUST-0160,9,7217.47
CUST-0160,10,5809.69
CUST-0160,11,14835.52
CUST-0160,12,11560.97
CUST-0160,13,10043.99
CUST-0160,14,8526.56
CUST-0160,15,21233.82
CUST-0160,16,19363.78
CUST-0160,17,16021.95
CUST-0160,18,12786.16
CUST-0160,19,10588.69
CUST-0160,20,8301.0
CUST-0160,21,6164.3
CUST-0160,22,4719.29
CUST-0160,23,2751.32
CUST-0160,24,1132.38
CUST-0160,25,0.0
CUST-0160,26,0.0
CUST-0160,27,0.0
CUST-0160,28,2621.55
CUST-0160,29,268.67
CUST-0160,30,0.0
CUST-0161,1,1531.41
CUST-0161,2,434.42
CUST-0161,3,0.0
CUST-0161,4,0.0
CUST-0161,5,0.0
CUST-0161,6,0.0
CUST-0161,7,0.0
CUST-0161,8,0.0
CUST-0161,9,0.0
CUST-0161,10,0.0
CUST-0161,11,0.0
CUST-0161,12,0.0
CUST-0161,13,0.0
CUST-0161,14,14572.25
CUST-0161,15,13347.26
CUST-0161,16,12106.11
CUST-0161,17,10921.92
CUST-0161,18,9483.2
CUST-0161,19,7799.08
CUST-0161,20,6298.3
CUST-0161,21,5190.48
CUST-0161,22,4208.38
CUST-0161,23,2308.84
CUST-0161,24,846.46
CUST-0161,25,0.0
CUST-0161,26,0.0
CUST-0161,27,0.0
CUST-0161,28,13389.97
CUST-0161,29,11421.6
CUST-0161,30,9802.53
CUST-0162,1,2728.31
CUST-0162,2,1909.64
CUST-0162,3,656.45
CUST-0162,4,0.0
CUST-0162,5,0.0
CUST-0162,6,0.0
CUST-0162,7,27015.37
CUST-0162,8,26333.92
CUST-0162,9,25387.89
CUST-0162,10,23926.34
CUST-0162,11,22419.98
CUST-0162,12,21319.37
CUST-0162,13,19775.55
CUST-0162,14,18308.87
CUST-0162,15,16889.76
CUST-0162,16,15437.86
CUST-0162,17,14440.47
CUST-0162,18,13086.77
CUST-0162,19,11903.46
CUST-0162,20,10584.75
CUST-0162,21,9781.5
CUST-0162,22,8451.65
CUST-0162,23,6906.64
CUST-0162,24,5984.6
CUST-0162,25,4412.41
CUST-0162,26,3418.36
CUST-0162,27,2594.24
CUST-0162,28,1853.29
CUST-0162,29,472.49
CUST-0162,30,-689.41
CUST-0163,1,2449.69
CUST-0163,2,1313.76
CUST-0163,3,45.61
CUST-0163,4,0.0
CUST-0163,5,0.0
CUST-0163,6,0.0
CUST-0163,7,0.0
CUST-0163,8,0.0
CUST-0163,9,0.0
CUST-0163,10,0.0
CUST-0163,11,0.0
CUST-0163,12,0.0
CUST-0163,13,0.0
CUST-0163,14,0.0
CUST-0163,15,0.0
CUST-0163,16,0.0
CUST-0163,17,0.0
CUST-0163,18,0.0
CUST-0163,19,0.0
CUST-0163,20,0.0
CUST-0163,21,0.0
CUST-0163,22,0.0
CUST-0163,23,0.0
CUST-0163,24,0.0
CUST-0163,25,0.0
CUST-0163,26,0.0
CUST-0163,27,0.0
CUST-0163,28,0.0
CUST-0163,29,0.0
CUST-0163,30,33779.02
CUST-0164,1,2510.15
CUST-0164,2,1153.81
CUST-0164,3,0.0
CUST-0164,4,0.0
CUST-0164,5,0.0
CUST-0164,6,0.0
CUST-0164,7,0.0
CUST-0164,8,14444.38
CUST-0164,9,13292.84
CUST-0164,10,12239.27
CUST-0164,11,10745.67
CUST-0164,12,9276.33
CUST-0164,13,8323.95
CUST-0164,14,7461.16
CUST-0164,15,6392.99
CUST-0164,16,4889.21
CUST-0164,17,3469.4
CUST-0164,18,2080.05
CUST-0164,19,520.14
CUST-0164,20,0.0
CUST-0164,21,11350.73
CUST-0164,22,10611.48
CUST-0164,23,9010.59
CUST-0164,24,7708.22
CUST-0164,25,6702.28
CUST-0164,26,5934.8
CUST-0164,27,4485.44
CUST-0164,28,3009.67
CUST-0164,29,1619.98
CUST-0164,30,712.4
CUST-0165,1,3603.82
CUST-0165,2,2798.88
CUST-0165,3,1998.07
CUST-0165,4,1043.25
CUST-0165,5,73.88
CUST-0165,6,0.0
CUST-0165,7,0.0
CUST-0165,8,0.0
CUST-0165,9,0.0
CUST-0165,10,0.0
CUST-0165,11,0.0
CUST-0165,12,-491.6
CUST-0165,13,0.0
CUST-0165,14,0.0
CUST-0165,15,0.0
CUST-0165,16,0.0
CUST-0165,17,0.0
CUST-0165,18,0.0
CUST-0165,19,0.0
CUST-0165,20,0.0
CUST-0165,21,8188.86
CUST-0165,22,7765.31
CUST-0165,23,6997.09
CUST-0165,24,6196.73
CUST-0165,25,15377.18
CUST-0165,26,14816.63
CUST-0165,27,13972.9
CUST-0165,28,13436.2
CUST-0165,29,12527.15
CUST-0165,30,11988.8
CUST-0166,1,17226.08
CUST-0166,2,16863.77
CUST-0166,3,16480.7
CUST-0166,4,15868.49
CUST-0166,5,15549.77
CUST-0166,6,15186.69
CUST-0166,7,14711.5
CUST-0166,8,14035.31
CUST-0166,9,13515.08
CUST-0166,10,13068.62
CUST-0166,11,12372.03
CUST-0166,12,11893.37
CUST-0166,13,11427.41
CUST-0166,14,10970.8
CUST-0166,15,10556.3
CUST-0166,16,10136.09
CUST-0166,17,9562.52
CUST-0166,18,9262.93
CUST-0166,19,8691.92
CUST-0166,20,8324.42
CUST-0166,21,7879.42
CUST-0166,22,7535.07
CUST-0166,23,7018.71
CUST-0166,24,6427.57
CUST-0166,25,5995.09
CUST-0166,26,5643.59
CUST-0166,27,5265.37
CUST-0166,28,4636.65
CUST-0166,29,4241.01
CUST-0166,30,3630.66
CUST-0167,1,23886.81
CUST-0167,2,22794.2
CUST-0167,3,21904.4
CUST-0167,4,21357.35
CUST-0167,5,20082.4
CUST-0167,6,19444.05
CUST-0167,7,18644.5
CUST-0167,8,17820.36
CUST-0167,9,16914.2
CUST-0167,10,15776.02
CUST-0167,11,15248.7
CUST-0167,12,13995.28
CUST-0167,13,12966.41
CUST-0167,14,11698.74
CUST-0167,15,10535.52
CUST-0167,16,9285.74
CUST-0167,17,8292.12
CUST-0167,18,7489.52
CUST-0167,19,6619.82
CUST-0167,20,5581.51
CUST-0167,21,4724.34
CUST-0167,22,3628.3
CUST-0167,23,3033.77
CUST-0167,24,1860.68
CUST-0167,25,1178.1
CUST-0167,26,0.0
CUST-0167,27,0.0
CUST-0167,28,0.0
CUST-0167,29,0.0
CUST-0167,30,0.0
CUST-0168,1,24883.72
CUST-0168,2,24038.89
CUST-0168,3,22692.75
CUST-0168,4,21774.45
CUST-0168,5,20689.06
CUST-0168,6,19686.41
CUST-0168,7,19080.18
CUST-0168,8,17961.38
CUST-0168,9,16686.59
CUST-0168,10,15928.28
CUST-0168,11,14487.48
CUST-0168,12,13408.4
CUST-0168,13,12646.76
CUST-0168,14,11463.52
CUST-0168,15,10689.55
CUST-0168,16,10031.32
CUST-0168,17,8812.59
CUST-0168,18,8111.85
CUST-0168,19,7415.14
CUST-0168,20,6147.16
CUST-0168,21,5496.44
CUST-0168,22,4165.52
CUST-0168,23,2846.88
CUST-0168,24,2118.47
CUST-0168,25,1050.22
CUST-0168,26,362.15
CUST-0168,27,0.0
CUST-0168,28,0.0
CUST-0168,29,0.0
CUST-0168,30,0.0
CUST-0169,1,5380.87
CUST-0169,2,4113.93
CUST-0169,3,2498.02
CUST-0169,4,705.51
CUST-0169,5,33297.4
CUST-0169,6,32296.02
CUST-0169,7,31331.66
CUST-0169,8,29861.19
CUST-0169,9,28367.88
CUST-0169,10,26126.08
CUST-0169,11,23842.73
CUST-0169,12,21605.72
CUST-0169,13,20434.8
CUST-0169,14,18875.06
CUST-0169,15,16832.72
CUST-0169,16,15416.83
CUST-0169,17,13493.99
CUST-0169,18,12187.22
CUST-0169,19,10755.7
CUST-0169,20,8547.75
CUST-0169,21,7221.65
CUST-0169,22,4863.48
CUST-0169,23,3456.78
CUST-0169,24,2458.86
CUST-0169,25,1126.41
CUST-0169,26,0.0
CUST-0169,27,0.0
CUST-0169,28,0.0
CUST-0169,29,0.0
CUST-0169,30,0.0
CUST-0170,1,3408.81
CUST-0170,2,2286.35
CUST-0170,3,757.78
CUST-0170,4,0.0
CUST-0170,5,0.0
CUST-0170,6,-800.0
CUST-0170,7,33005.92
CUST-0170,8,31960.19
CUST-0170,9,31142.75
CUST-0170,10,29408.83
CUST-0170,11,28522.06
CUST-0170,12,27617.72
CUST-0170,13,26763.01
CUST-0170,14,25461.48
CUST-0170,15,24293.1
CUST-0170,16,23328.97
CUST-0170,17,22175.58
CUST-0170,18,20765.33
CUST-0170,19,19767.38
CUST-0170,20,18102.76
CUST-0170,21,17078.88
CUST-0170,22,16168.82
CUST-0170,23,14462.83
CUST-0170,24,12908.37
CUST-0170,25,11845.78
CUST-0170,26,10258.83
CUST-0170,27,9011.38
CUST-0170,28,7944.98
CUST-0170,29,6359.95
CUST-0170,30,4866.94
CUST-0171,1,1599.04
CUST-0171,2,938.68
CUST-0171,3,513.09
CUST-0171,4,0.0
CUST-0171,5,0.0
CUST-0171,6,0.0
CUST-0171,7,0.0
CUST-0171,8,-775.89
CUST-0171,9,0.0
CUST-0171,10,0.0
CUST-0171,11,0.0
CUST-0171,12,0.0
CUST-0171,13,0.0
CUST-0171,14,0.0
CUST-0171,15,-465.93
CUST-0171,16,0.0
CUST-0171,17,0.0
CUST-0171,18,0.0
CUST-0171,19,0.0
CUST-0171,20,0.0
CUST-0171,21,0.0
CUST-0171,22,0.0
CUST-0171,23,0.0
CUST-0171,24,0.0
CUST-0171,25,0.0
CUST-0171,26,0.0
CUST-0171,27,0.0
CUST-0171,28,0.0
CUST-0171,29,0.0
CUST-0171,30,21152.96
CUST-0172,1,2512.65
CUST-0172,2,0.0
CUST-0172,3,-800.0
CUST-0172,4,0.0
CUST-0172,5,0.0
CUST-0172,6,0.0
CUST-0172,7,57276.85
CUST-0172,8,55096.41
CUST-0172,9,50573.0
CUST-0172,10,46887.65
CUST-0172,11,42725.1
CUST-0172,12,38832.91
CUST-0172,13,35088.57
CUST-0172,14,32204.74
CUST-0172,15,29486.12
CUST-0172,16,25690.43
CUST-0172,17,21895.42
CUST-0172,18,17458.82
CUST-0172,19,14069.96
CUST-0172,20,11432.87
CUST-0172,21,8261.09
CUST-0172,22,4748.64
CUST-0172,23,1749.13
CUST-0172,24,0.0
CUST-0172,25,0.0
CUST-0172,26,0.0
CUST-0172,27,0.0
CUST-0172,28,0.0
CUST-0172,29,0.0
CUST-0172,30,0.0
CUST-0173,1,9989.91
CUST-0173,2,4898.68
CUST-0173,3,1780.31
CUST-0173,4,0.0
CUST-0173,5,0.0
CUST-0173,6,0.0
CUST-0173,7,0.0
CUST-0173,8,0.0
CUST-0173,9,0.0
CUST-0173,10,0.0
CUST-0173,11,0.0
CUST-0173,12,-800.0
CUST-0173,13,0.0
CUST-0173,14,0.0
CUST-0173,15,0.0
CUST-0173,16,0.0
CUST-0173,17,0.0
CUST-0173,18,0.0
CUST-0173,19,0.0
CUST-0173,20,0.0
CUST-0173,21,0.0
CUST-0173,22,0.0
CUST-0173,23,0.0
CUST-0173,24,0.0
CUST-0173,25,0.0
CUST-0173,26,0.0
CUST-0173,27,0.0
CUST-0173,28,0.0
CUST-0173,29,0.0
CUST-0173,30,86917.01
CUST-0174,1,4508.38
CUST-0174,2,2846.91
CUST-0174,3,712.45
CUST-0174,4,0.0
CUST-0174,5,0.0
CUST-0174,6,0.0
CUST-0174,7,58176.0
CUST-0174,8,55470.98
CUST-0174,9,54067.95
CUST-0174,10,51654.82
CUST-0174,11,49577.84
CUST-0174,12,46704.87
CUST-0174,13,43857.45
CUST-0174,14,41811.66
CUST-0174,15,39280.74
CUST-0174,16,37525.48
CUST-0174,17,35077.6
CUST-0174,18,33609.49
CUST-0174,19,31447.8
CUST-0174,20,29780.52
CUST-0174,21,26737.94
CUST-0174,22,24556.04
CUST-0174,23,22087.81
CUST-0174,24,20071.82
CUST-0174,25,18196.45
CUST-0174,26,16489.54
CUST-0174,27,13391.02
CUST-0174,28,10513.15
CUST-0174,29,8942.97
CUST-0174,30,6168.63
CUST-0175,1,49658.62
CUST-0175,2,47279.01
CUST-0175,3,45692.55
CUST-0175,4,43947.02
CUST-0175,5,41233.53
CUST-0175,6,39393.99
CUST-0175,7,36290.52
CUST-0175,8,33654.43
CUST-0175,9,30669.65
CUST-0175,10,28117.15
CUST-0175,11,25059.56
CUST-0175,12,23011.85
CUST-0175,13,20590.87
CUST-0175,14,18236.11
CUST-0175,15,15108.93
CUST-0175,16,13453.05
CUST-0175,17,10974.48
CUST-0175,18,8144.72
CUST-0175,19,6080.36
CUST-0175,20,3025.29
CUST-0175,21,955.02
CUST-0175,22,0.0
CUST-0175,23,0.0
CUST-0175,24,0.0
CUST-0175,25,0.0
CUST-0175,26,0.0
CUST-0175,27,0.0
CUST-0175,28,0.0
CUST-0175,29,0.0
CUST-0175,30,0.0
CUST-0176,1,3281.45
CUST-0176,2,0.0
CUST-0176,3,0.0
CUST-0176,4,0.0
CUST-0176,5,0.0
CUST-0176,6,0.0
CUST-0176,7,86051.22
CUST-0176,8,84180.68
CUST-0176,9,80310.88
CUST-0176,10,78327.4
CUST-0176,11,76432.02
CUST-0176,12,72731.18
CUST-0176,13,69607.54
CUST-0176,14,66800.07
CUST-0176,15,62722.05
CUST-0176,16,58811.66
CUST-0176,17,56930.98
CUST-0176,18,53600.19
CUST-0176,19,49863.87
CUST-0176,20,46703.41
CUST-0176,21,42419.89
CUST-0176,22,38907.45
CUST-0176,23,36905.97
CUST-0176,24,34660.01
CUST-0176,25,30783.53
CUST-0176,26,26464.3
CUST-0176,27,24477.9
CUST-0176,28,22486.32
CUST-0176,29,18773.06
CUST-0176,30,16874.9
CUST-0177,1,123.87
CUST-0177,2,0.0
CUST-0177,3,0.0
CUST-0177,4,0.0
CUST-0177,5,43255.49
CUST-0177,6,40481.46
CUST-0177,7,38778.95
CUST-0177,8,37117.37
CUST-0177,9,34378.46
CUST-0177,10,32002.1
CUST-0177,11,29246.83
CUST-0177,12,27796.19
CUST-0177,13,24941.07
CUST-0177,14,22684.77
CUST-0177,15,20330.96
CUST-0177,16,17543.26
CUST-0177,17,15696.09
CUST-0177,18,13251.38
CUST-0177,19,10946.41
CUST-0177,20,8381.47
CUST-0177,21,5623.96
CUST-0177,22,3248.94
CUST-0177,23,1953.96
CUST-0177,24,455.28
CUST-0177,25,0.0
CUST-0177,26,0.0
CUST-0177,27,0.0
CUST-0177,28,0.0
CUST-0177,29,0.0
CUST-0177,30,0.0
CUST-0178,1,32682.0
CUST-0178,2,31097.94
CUST-0178,3,30093.08
CUST-0178,4,28653.35
CUST-0178,5,27528.31
CUST-0178,6,26634.8
CUST-0178,7,25707.95
CUST-0178,8,23749.76
CUST-0178,9,21997.93
CUST-0178,10,20013.75
CUST-0178,11,18602.84
CUST-0178,12,17262.31
CUST-0178,13,15989.91
CUST-0178,14,14397.38
CUST-0178,15,13133.47
CUST-0178,16,11379.62
CUST-0178,17,9557.44
CUST-0178,18,7642.75
CUST-0178,19,6513.85
CUST-0178,20,5032.15
CUST-0178,21,3927.27
CUST-0178,22,3053.13
CUST-0178,23,1347.0
CUST-0178,24,0.0
CUST-0178,25,0.0
CUST-0178,26,0.0
CUST-0178,27,0.0
CUST-0178,28,0.0
CUST-0178,29,0.0
CUST-0178,30,0.0
CUST-0179,1,15901.63
CUST-0179,2,15264.13
CUST-0179,3,14653.26
CUST-0179,4,14043.58
CUST-0179,5,13577.72
CUST-0179,6,12964.65
CUST-0179,7,12404.9
CUST-0179,8,12075.36
CUST-0179,9,11753.35
CUST-0179,10,11160.11
CUST-0179,11,10627.26
CUST-0179,12,10138.16
CUST-0179,13,9489.1
CUST-0179,14,8942.18
CUST-0179,15,8503.89
CUST-0179,16,8058.28
CUST-0179,17,7533.77
CUST-0179,18,6945.32
CUST-0179,19,6437.68
CUST-0179,20,5952.95
CUST-0179,21,5378.27
CUST-0179,22,4812.52
CUST-0179,23,4195.18
CUST-0179,24,3894.46
CUST-0179,25,3308.22
CUST-0179,26,2821.43
CUST-0179,27,2515.71
CUST-0179,28,1960.78
CUST-0179,29,1390.37
CUST-0179,30,899.52
CUST-0180,1,3665.49
CUST-0180,2,2832.57
CUST-0180,3,1856.94
CUST-0180,4,824.42
CUST-0180,5,21517.75
CUST-0180,6,20067.64
CUST-0180,7,18737.02
CUST-0180,8,17930.87
CUST-0180,9,16940.39
CUST-0180,10,16149.18
CUST-0180,11,14851.34
CUST-0180,12,13974.06
CUST-0180,13,12830.94
CUST-0180,14,11432.31
CUST-0180,15,10149.62
CUST-0180,16,9224.19
CUST-0180,17,8265.69
CUST-0180,18,6999.85
CUST-0180,19,5833.63
CUST-0180,20,5101.9
CUST-0180,21,3624.48
CUST-0180,22,2493.61
CUST-0180,23,1400.38
CUST-0180,24,570.79
CUST-0180,25,0.0
CUST-0180,26,0.0
CUST-0180,27,0.0
CUST-0180,28,0.0
CUST-0180,29,0.0
CUST-0180,30,0.0
